-- phpMyAdmin SQL Dump
-- version 4.1.14
-- http://www.phpmyadmin.net
--
-- Servidor: 127.0.0.1
-- Tiempo de generación: 03-01-2017 a las 20:53:09
-- Versión del servidor: 5.6.17
-- Versión de PHP: 5.5.12

SET SQL_MODE = "NO_AUTO_VALUE_ON_ZERO";
SET time_zone = "+00:00";


/*!40101 SET @OLD_CHARACTER_SET_CLIENT=@@CHARACTER_SET_CLIENT */;
/*!40101 SET @OLD_CHARACTER_SET_RESULTS=@@CHARACTER_SET_RESULTS */;
/*!40101 SET @OLD_COLLATION_CONNECTION=@@COLLATION_CONNECTION */;
/*!40101 SET NAMES utf8 */;

--
-- Base de datos: `psicultura`
--

-- --------------------------------------------------------

--
-- Estructura de tabla para la tabla `clientes`
--

CREATE TABLE IF NOT EXISTS `clientes` (
  `idCliente` int(11) NOT NULL AUTO_INCREMENT,
  `nombre` varchar(50) CHARACTER SET latin1 NOT NULL,
  `direccion` varchar(50) CHARACTER SET latin1 DEFAULT NULL,
  `telefono` varchar(30) CHARACTER SET latin1 DEFAULT NULL,
  `correo` varchar(50) CHARACTER SET latin1 DEFAULT NULL,
  PRIMARY KEY (`idCliente`)
) ENGINE=InnoDB  DEFAULT CHARSET=utf8 COLLATE=utf8_spanish2_ci AUTO_INCREMENT=8 ;

--
-- Volcado de datos para la tabla `clientes`
--

INSERT INTO `clientes` (`idCliente`, `nombre`, `direccion`, `telefono`, `correo`) VALUES
(1, 'Truchas Bariloche', 'Centro Cultivo Ruta 237 km 1570', '0111564259497', 'truchasbariloche@gmail.com'),
(4, 'Truchas Sayhueque', 'Centro Cultivo Ruta 237 km 1567,6', '154501411', 'sayhuequetruchas@yahoo.com.ar'),
(5, 'Manila ', 'Ruta', '154605915', 'mariano@manilapatagonia.com'),
(6, 'Natural Trout', '5400 Laurel Ridge', '154605915', 'customerservice@naturaltroutllc.com'),
(7, 'Exquisiteces', 'Los Radales 635', '4425754', 'ulises@manilapatagonia.com');

-- --------------------------------------------------------

--
-- Estructura de tabla para la tabla `depositos`
--

CREATE TABLE IF NOT EXISTS `depositos` (
  `iDeposito` int(11) NOT NULL AUTO_INCREMENT,
  `idProcesoEnEspera` int(11) NOT NULL,
  `fecha` date NOT NULL,
  `vencimiento` date NOT NULL,
  `cantidad` decimal(7,2) NOT NULL,
  PRIMARY KEY (`iDeposito`),
  KEY `procesoenespera` (`idProcesoEnEspera`)
) ENGINE=InnoDB DEFAULT CHARSET=utf8 COLLATE=utf8_spanish2_ci AUTO_INCREMENT=1 ;

-- --------------------------------------------------------

--
-- Estructura de tabla para la tabla `entregas`
--

CREATE TABLE IF NOT EXISTS `entregas` (
  `idEntrega` int(11) NOT NULL AUTO_INCREMENT,
  `cliente` int(11) NOT NULL,
  `fichaExpedicion` varchar(15) CHARACTER SET latin1 NOT NULL,
  `iDeposito` int(11) DEFAULT NULL,
  `idProcesoEnEspera` int(11) NOT NULL,
  `cantidad` decimal(7,2) NOT NULL,
  `fecha` date NOT NULL,
  PRIMARY KEY (`idEntrega`),
  KEY `cliente` (`cliente`),
  KEY `idProcesoEnEspera` (`idProcesoEnEspera`)
) ENGINE=InnoDB  DEFAULT CHARSET=utf8 COLLATE=utf8_spanish2_ci AUTO_INCREMENT=498 ;

--
-- Volcado de datos para la tabla `entregas`
--

INSERT INTO `entregas` (`idEntrega`, `cliente`, `fichaExpedicion`, `iDeposito`, `idProcesoEnEspera`, `cantidad`, `fecha`) VALUES
(1, 4, '1', NULL, 23, '156.40', '2016-03-21'),
(2, 4, '1', NULL, 23, '101.90', '2016-03-28'),
(3, 4, '1', NULL, 22, '75.00', '2016-03-21'),
(4, 4, '1', NULL, 25, '107.00', '2016-03-21'),
(5, 4, '1878', NULL, 14, '100.00', '2016-03-28'),
(6, 4, '1876', NULL, 34, '96.00', '2016-03-18'),
(7, 4, '1875', NULL, 34, '360.00', '2016-03-18'),
(8, 4, '1873', NULL, 35, '39.00', '2016-03-15'),
(9, 4, '1872', NULL, 38, '256.60', '2016-03-14'),
(10, 1, '1871', NULL, 41, '100.00', '2016-03-11'),
(11, 1, '1871', NULL, 42, '50.00', '2016-03-11'),
(12, 1, '1870', NULL, 41, '239.00', '2016-03-11'),
(13, 1, '1870', NULL, 42, '600.00', '2016-03-11'),
(14, 1, '1871', NULL, 43, '420.00', '2016-03-11'),
(15, 4, '1868', NULL, 50, '100.00', '2016-03-08'),
(16, 4, '1868', NULL, 52, '76.23', '2016-03-08'),
(17, 4, '1901', NULL, 14, '155.00', '2016-03-28'),
(18, 4, '1901', NULL, 13, '150.00', '2016-03-28'),
(19, 4, '1900', NULL, 36, '420.00', '2016-03-23'),
(20, 4, '1900', NULL, 34, '96.00', '2016-03-23'),
(21, 4, '1899', NULL, 51, '30.00', '2016-03-22'),
(22, 1, '1894', NULL, 28, '869.00', '2016-03-18'),
(23, 1, '1895/1894', NULL, 27, '739.00', '2016-03-18'),
(24, 1, '1895', NULL, 26, '869.00', '2016-03-18'),
(25, 1, '1894', NULL, 29, '1350.00', '2016-03-18'),
(26, 4, '1891', NULL, 34, '160.00', '2016-03-18'),
(27, 4, '1891', NULL, 36, '440.00', '2016-03-18'),
(28, 4, '1888', NULL, 38, '27.10', '2016-03-14'),
(29, 4, '1887', NULL, 37, '175.00', '2016-03-14'),
(30, 4, '1886', NULL, 39, '78.90', '2016-03-14'),
(31, 4, '1887', NULL, 38, '141.80', '2016-03-14'),
(32, 1, '1884/1883', NULL, 55, '589.00', '2016-03-04'),
(35, 1, '1884', NULL, 53, '75.00', '2016-03-04'),
(36, 1, '1883/4', NULL, 57, '1150.00', '2016-03-04'),
(37, 1, '1883', NULL, 58, '14.00', '2016-03-04'),
(38, 5, '296', NULL, 1, '114.24', '2016-03-04'),
(39, 5, '296', NULL, 2, '206.72', '2016-03-04'),
(40, 5, '297', NULL, 44, '125.12', '2016-03-11'),
(41, 5, '297', NULL, 45, '212.16', '2016-03-11'),
(42, 5, '298', NULL, 30, '130.56', '2016-03-18'),
(43, 5, '298', NULL, 31, '217.60', '2016-03-18'),
(44, 5, '299', NULL, 17, '223.04', '2016-03-23'),
(45, 5, '299', NULL, 20, '108.80', '2016-03-23'),
(46, 5, '300', NULL, 8, '391.68', '2016-04-01'),
(47, 5, '300', NULL, 9, '456.96', '2016-04-01'),
(48, 5, '305', NULL, 3, '48.00', '2016-04-25'),
(49, 5, '305', NULL, 47, '1260.00', '2016-04-25'),
(50, 5, '305', NULL, 46, '24.00', '2016-04-25'),
(51, 5, '305', NULL, 32, '48.00', '2016-04-25'),
(52, 5, '305', NULL, 18, '876.00', '2016-04-25'),
(53, 5, '305', NULL, 16, '1188.00', '2016-04-25'),
(54, 5, '305', NULL, 10, '36.00', '2016-04-25'),
(55, 4, '1902', NULL, 34, '128.00', '2016-04-01'),
(56, 1, '1904/5', NULL, 5, '1080.00', '2016-04-01'),
(57, 1, '1905', NULL, 6, '14.00', '2016-04-01'),
(58, 4, '1', NULL, 60, '605.10', '2016-01-04'),
(59, 4, '1', NULL, 62, '110.00', '2016-01-04'),
(60, 1, '4', NULL, 75, '437.00', '2016-01-09'),
(61, 1, '4', NULL, 73, '240.00', '2016-01-09'),
(62, 4, '4', NULL, 61, '80.00', '2016-01-09'),
(63, 1, '4', NULL, 71, '720.00', '2016-01-09'),
(64, 4, '6', NULL, 59, '120.00', '2016-01-12'),
(65, 1, '7', NULL, 87, '120.00', '2016-01-14'),
(66, 4, '9', NULL, 61, '70.00', '2015-01-16'),
(67, 1, '9', NULL, 91, '600.00', '2016-01-16'),
(68, 4, '10', NULL, 94, '629.80', '2016-01-18'),
(69, 4, '11', NULL, 93, '50.00', '2016-01-19'),
(70, 4, '10', NULL, 582, '106.70', '2016-01-18'),
(71, 4, '10', NULL, 76, '8.00', '2016-01-18'),
(74, 4, '11', NULL, 76, '120.00', '2016-01-19'),
(75, 4, '11', NULL, 61, '30.00', '2016-01-19'),
(76, 4, '11', NULL, 81, '190.00', '2016-01-19'),
(77, 1, '12', NULL, 74, '13.00', '2016-01-21'),
(78, 1, '12', NULL, 170, '80.00', '2016-01-21'),
(79, 1, '13', NULL, 172, '225.00', '2016-01-22'),
(80, 1, '13', NULL, 174, '400.00', '2016-01-22'),
(82, 1, '13', NULL, 169, '850.00', '2016-01-22'),
(83, 4, '15', NULL, 99, '100.00', '2016-01-25'),
(84, 4, '15', NULL, 176, '623.60', '2016-01-25'),
(85, 4, '15', NULL, 178, '126.30', '2016-01-25'),
(86, 4, '16', NULL, 99, '620.00', '2016-01-27'),
(87, 4, '16', NULL, 98, '72.00', '2016-01-27'),
(88, 4, '5', NULL, 77, '700.60', '2016-01-11'),
(89, 4, '5', NULL, 78, '149.20', '2016-01-11'),
(90, 6, '8', NULL, 82, '141.44', '2016-01-15'),
(91, 6, '8', NULL, 83, '212.16', '2016-01-15'),
(92, 1, '9', NULL, 86, '825.00', '2016-01-16'),
(93, 1, '9', NULL, 89, '212.00', '2016-01-16'),
(94, 1, '9', NULL, 88, '50.00', '2016-01-16'),
(95, 4, '11', NULL, 96, '396.00', '2016-01-19'),
(96, 4, '10', NULL, 95, '22.60', '2016-01-18'),
(97, 4, '16', NULL, 76, '48.00', '2016-01-27'),
(98, 6, '17', NULL, 180, '108.80', '2016-01-29'),
(99, 6, '17', NULL, 181, '212.16', '2016-01-29'),
(100, 1, '18', NULL, 185, '900.00', '2016-01-30'),
(101, 1, '18', NULL, 186, '75.00', '2016-01-30'),
(102, 1, '18', NULL, 187, '275.00', '2016-01-30'),
(103, 1, '18', NULL, 189, '425.00', '2016-01-30'),
(104, 4, '19', NULL, 102, '688.80', '2016-02-01'),
(105, 4, '19', NULL, 104, '126.30', '2016-02-01'),
(106, 6, '21', NULL, 105, '92.48', '2016-02-05'),
(107, 6, '21', NULL, 106, '212.16', '2016-02-05'),
(108, 1, '21', NULL, 110, '575.00', '2016-02-05'),
(109, 1, '21', NULL, 112, '325.00', '2016-02-05'),
(110, 1, '21', NULL, 114, '350.00', '2016-02-05'),
(111, 4, '22', NULL, 116, '301.00', '2016-02-10'),
(112, 4, '22', NULL, 117, '77.00', '2016-02-10'),
(113, 6, '24', NULL, 118, '103.36', '2016-02-12'),
(114, 6, '24', NULL, 119, '212.16', '2016-02-12'),
(115, 1, '25', NULL, 123, '650.00', '2016-02-13'),
(116, 1, '25', NULL, 124, '14.00', '2016-02-13'),
(117, 1, '25', NULL, 125, '175.00', '2016-02-13'),
(118, 1, '25', NULL, 127, '350.00', '2016-02-13'),
(119, 4, '26', NULL, 129, '100.00', '2016-02-15'),
(121, 4, '26', NULL, 132, '130.20', '2016-02-15'),
(122, 4, '26', NULL, 130, '347.40', '2016-02-15'),
(123, 4, '27', NULL, 130, '23.00', '2016-02-16'),
(124, 1, '28', NULL, 139, '80.00', '2016-02-18'),
(125, 6, '29', NULL, 133, '130.56', '2016-02-19'),
(126, 6, '29', NULL, 134, '212.16', '2016-02-19'),
(127, 6, '30', NULL, 583, '1200.00', '2016-02-17'),
(128, 6, '30', NULL, 63, '1632.00', '2016-02-17'),
(129, 6, '30', NULL, 79, '2028.00', '2016-02-17'),
(130, 6, '30', NULL, 97, '948.00', '2016-02-17'),
(131, 6, '30', NULL, 107, '432.00', '2016-02-17'),
(132, 6, '30', NULL, 120, '1032.00', '2016-02-17'),
(133, 4, '31', NULL, 128, '352.00', '2016-02-19'),
(134, 1, '31', NULL, 74, '78.00', '2016-02-19'),
(135, 1, '32', NULL, 138, '1000.00', '2016-02-20'),
(136, 1, '32', NULL, 141, '50.00', '2016-02-20'),
(137, 1, '32', NULL, 144, '425.00', '2016-02-20'),
(138, 1, '32', NULL, 142, '289.00', '2016-02-20'),
(139, 4, '33', NULL, 147, '150.00', '2016-02-22'),
(140, 4, '33', NULL, 146, '150.00', '2016-02-22'),
(141, 4, '33', NULL, 149, '140.50', '2016-02-22'),
(142, 4, '33', NULL, 151, '192.00', '2016-02-22'),
(143, 1, '35', NULL, 109, '400.00', '2016-02-24'),
(144, 1, '35', NULL, 111, '215.00', '2016-02-24'),
(145, 1, '35', NULL, 122, '505.00', '2016-02-24'),
(146, 1, '35', NULL, 137, '50.00', '2016-02-24'),
(147, 1, '35', NULL, 140, '350.00', '2016-02-24'),
(148, 1, '35', NULL, 74, '80.00', '2016-02-24'),
(149, 1, '36', NULL, 156, '65.00', '2016-02-25'),
(150, 6, '37', NULL, 153, '217.60', '2016-02-26'),
(151, 6, '37', NULL, 152, '114.24', '2016-02-26'),
(152, 4, '38', NULL, 148, '152.00', '2016-02-27'),
(154, 4, '38', NULL, 131, '40.00', '2016-02-27'),
(155, 4, '38', NULL, 128, '176.00', '2016-02-27'),
(156, 4, '38', NULL, 145, '112.00', '2016-02-27'),
(157, 1, '38', NULL, 155, '1150.00', '2016-02-27'),
(158, 1, '38', NULL, 158, '75.00', '2016-02-27'),
(159, 1, '38', NULL, 584, '400.00', '2016-02-27'),
(160, 1, '38', NULL, 159, '175.00', '2016-02-27'),
(161, 4, '39', NULL, 162, '150.00', '2016-02-29'),
(162, 4, '39', NULL, 163, '283.70', '2016-02-29'),
(163, 4, '40', NULL, 164, '30.00', '2016-03-01'),
(164, 4, '40', NULL, 150, '180.00', '2016-03-01'),
(165, 1, '41', NULL, 126, '325.00', '2016-03-03'),
(166, 1, '41', NULL, 113, '117.00', '2016-03-03'),
(167, 1, '41', NULL, 143, '52.00', '2016-03-03'),
(168, 4, '42', NULL, 165, '600.00', '2016-03-04'),
(169, 4, '42', NULL, 145, '88.00', '2016-03-04'),
(170, 4, '42', NULL, 161, '112.00', '2016-03-04'),
(171, 1, '47', NULL, 42, '73.00', '2016-03-12'),
(172, 4, '47', NULL, 182, '240.00', '2016-03-12'),
(173, 4, '49', NULL, 35, '63.00', '2016-03-15'),
(174, 4, '50', NULL, 165, '200.00', '2016-03-17'),
(175, 1, '50', NULL, 140, '90.00', '2016-03-17'),
(176, 1, '52', NULL, 28, '50.00', '2016-03-19'),
(177, 1, '52', NULL, 140, '50.00', '2016-03-19'),
(178, 5, '1', NULL, 25, '6.90', '2016-03-21'),
(179, 4, '53', NULL, 23, '26.90', '2016-03-21'),
(180, 4, '44', NULL, 49, '100.00', '2016-03-08'),
(181, 4, '44', NULL, 50, '209.60', '2016-03-08'),
(182, 1, '47', NULL, 43, '850.00', '2016-03-12'),
(183, 4, '57', NULL, 15, '100.00', '2016-04-01'),
(184, 4, '57', NULL, 24, '240.00', '2016-04-01'),
(185, 1, '58', NULL, 157, '100.00', '2016-04-02'),
(186, 1, '58', NULL, 190, '225.00', '2016-04-02'),
(187, 1, '58', NULL, 192, '400.00', '2016-04-02'),
(188, 4, '59', NULL, 194, '50.00', '2016-04-04'),
(189, 4, '59', NULL, 195, '177.30', '2016-04-04'),
(190, 6, '60', NULL, 199, '228.48', '2016-04-08'),
(191, 6, '60', NULL, 198, '119.68', '2016-04-08'),
(192, 4, '60', NULL, 196, '210.00', '2016-04-08'),
(193, 4, '60', NULL, 15, '150.00', '2016-04-08'),
(195, 4, '60', NULL, 12, '80.00', '2016-04-08'),
(196, 4, '60', NULL, 21, '80.00', '2016-04-08'),
(197, 1, '61', NULL, 202, '1200.00', '2016-04-09'),
(198, 1, '61', NULL, 203, '14.00', '2016-04-09'),
(199, 1, '61', NULL, 205, '4.60', '2016-04-09'),
(200, 1, '61', NULL, 206, '50.00', '2016-04-09'),
(201, 1, '61', NULL, 207, '250.00', '2016-04-09'),
(202, 1, '61', NULL, 208, '825.00', '2016-04-09'),
(203, 4, '62', NULL, 210, '100.00', '2016-04-11'),
(204, 4, '62', NULL, 211, '100.00', '2016-04-11'),
(205, 6, '64', NULL, 213, '146.88', '2016-04-15'),
(206, 6, '64', NULL, 214, '228.48', '2016-04-15'),
(207, 1, '64', NULL, 219, '160.00', '2016-04-15'),
(208, 1, '65', NULL, 585, '825.00', '2016-04-16'),
(209, 1, '65', NULL, 219, '40.00', '2016-04-15'),
(210, 1, '65', NULL, 218, '39.00', '2016-04-16'),
(211, 1, '65', NULL, 217, '1140.00', '2016-04-16'),
(212, 4, '65', NULL, 21, '104.00', '2016-04-16'),
(214, 4, '65', NULL, 193, '208.00', '2016-04-16'),
(215, 4, '65', NULL, 196, '50.00', '2016-04-16'),
(216, 4, '66', NULL, 223, '25.00', '2016-04-18'),
(217, 4, '66', NULL, 224, '179.30', '2016-04-18'),
(218, 4, '67', NULL, 196, '160.00', '2016-04-21'),
(219, 4, '67', NULL, 209, '64.00', '2016-04-21'),
(220, 6, '68', NULL, 226, '130.56', '2016-04-22'),
(221, 6, '68', NULL, 227, '233.92', '2016-04-22'),
(222, 4, '69', NULL, 209, '96.00', '2016-04-22'),
(223, 1, '70', NULL, 231, '1170.00', '2016-04-23'),
(224, 1, '70', NULL, 232, '28.00', '2016-04-23'),
(225, 1, '70', NULL, 586, '795.00', '2016-04-23'),
(226, 1, '70', NULL, 233, '225.00', '2016-04-23'),
(227, 4, '71', NULL, 237, '75.00', '2016-04-25'),
(228, 4, '71', NULL, 238, '175.00', '2016-04-25'),
(229, 6, '71', NULL, 135, '24.00', '2016-04-25'),
(230, 6, '71', NULL, 154, '48.00', '2016-04-25'),
(231, 6, '71', NULL, 197, '1008.00', '2016-04-04'),
(233, 6, '71', NULL, 215, '180.00', '2016-04-25'),
(234, 6, '71', NULL, 225, '1848.00', '2016-04-25'),
(235, 6, '71', NULL, 228, '216.00', '2016-04-25'),
(236, 6, '72', NULL, 241, '125.12', '2016-04-29'),
(238, 4, '72', NULL, 240, '150.00', '2016-04-29'),
(239, 1, '72', NULL, 204, '52.00', '2016-04-29'),
(241, 1, '72', NULL, 234, '13.00', '2016-04-29'),
(242, 4, '73', NULL, 240, '80.00', '2016-04-30'),
(243, 4, '73', NULL, 209, '384.00', '2016-04-30'),
(244, 1, '73', NULL, 246, '1125.00', '2016-04-30'),
(245, 1, '73', NULL, 247, '14.00', '2016-04-30'),
(246, 1, '73', NULL, 248, '175.00', '2016-04-30'),
(248, 1, '73', NULL, 588, '869.70', '2016-04-30'),
(249, 4, '74', NULL, 252, '197.50', '2016-05-02'),
(250, 4, '74', NULL, 251, '50.00', '2016-05-02'),
(251, 7, '74', NULL, 64, '30.00', '2016-05-02'),
(252, 6, '76', NULL, 255, '125.12', '2016-05-06'),
(253, 6, '76', NULL, 256, '233.92', '2016-05-06'),
(254, 1, '77', NULL, 259, '1125.00', '2016-05-07'),
(255, 1, '77', NULL, 260, '28.00', '2016-05-07'),
(256, 1, '77', NULL, 261, '175.00', '2016-05-07'),
(257, 1, '77', NULL, 262, '775.00', '2016-05-07'),
(258, 4, '78', NULL, 264, '75.00', '2016-05-09'),
(259, 4, '78', NULL, 265, '149.90', '2016-05-09'),
(260, 4, '78', NULL, 267, '47.50', '2016-05-09'),
(261, 6, '79', NULL, 268, '103.36', '2016-05-13'),
(262, 6, '79', NULL, 269, '244.80', '2016-05-13'),
(263, 4, '80', NULL, 266, '50.00', '2016-05-12'),
(264, 4, '80', NULL, 236, '120.00', '2016-05-12'),
(265, 1, '81', NULL, 589, '717.00', '2016-05-14'),
(266, 1, '81', NULL, 275, '250.00', '2016-05-14'),
(267, 1, '81', NULL, 273, '1125.00', '2016-05-13'),
(268, 1, '81', NULL, 274, '28.00', '2016-05-14'),
(269, 4, '82', NULL, 278, '75.00', '2016-05-16'),
(270, 4, '82', NULL, 279, '141.00', '2016-05-16'),
(271, 4, '82', NULL, 281, '34.10', '2016-05-16'),
(272, 4, '83', NULL, 266, '70.00', '2016-05-18'),
(273, 6, '84', NULL, 284, '97.92', '2016-05-20'),
(274, 6, '84', NULL, 285, '239.36', '2016-05-20'),
(275, 1, '85', NULL, 287, '1171.00', '2016-05-21'),
(276, 1, '85', NULL, 288, '28.00', '2016-05-21'),
(277, 1, '85', NULL, 289, '300.00', '2016-05-21'),
(278, 1, '85', NULL, 590, '696.00', '2016-05-21'),
(279, 4, '86', NULL, 292, '50.00', '2016-05-23'),
(280, 4, '86', NULL, 293, '150.00', '2016-05-23'),
(281, 7, '86', NULL, 64, '30.00', '2016-05-23'),
(282, 4, '87', NULL, 294, '80.00', '2016-05-27'),
(284, 6, '87', NULL, 297, '119.68', '2016-05-27'),
(285, 1, '88', NULL, 302, '1200.00', '2016-05-28'),
(286, 1, '88', NULL, 303, '328.00', '2016-05-28'),
(287, 1, '88', NULL, 305, '700.00', '2016-05-28'),
(288, 4, '89', NULL, 307, '50.00', '2016-05-30'),
(289, 1, '89', NULL, 308, '125.00', '2016-05-30'),
(290, 1, '89', NULL, 309, '37.50', '2016-05-30'),
(291, 4, '90', NULL, 236, '8.00', '2016-06-03'),
(292, 4, '90', NULL, 240, '10.00', '2016-06-03'),
(293, 4, '90', NULL, 254, '340.00', '2016-06-03'),
(294, 4, '90', NULL, 263, '72.00', '2016-06-03'),
(295, 6, '90', NULL, 311, '27.20', '2016-06-03'),
(296, 6, '90', NULL, 312, '272.00', '2016-06-03'),
(297, 1, '91', NULL, 236, '24.00', '2016-06-04'),
(298, 4, '91', NULL, 250, '296.00', '2016-06-04'),
(299, 1, '1', NULL, 201, '10.00', '2016-06-04'),
(300, 1, '1', NULL, 216, '90.00', '2016-06-04'),
(301, 1, '1', NULL, 316, '687.00', '2016-06-04'),
(302, 1, '1', NULL, 314, '1125.00', '2016-06-04'),
(303, 1, '1', NULL, 315, '253.00', '2016-06-04'),
(304, 4, '2', NULL, 319, '98.50', '2016-06-07'),
(305, 4, '2', NULL, 318, '75.00', '2016-06-07'),
(306, 4, '2', NULL, 320, '38.70', '2016-06-07'),
(307, 7, '3', NULL, 244, '6.00', '2016-06-08'),
(308, 1, '4', NULL, 331, '625.00', '2016-06-11'),
(309, 1, '4', NULL, 328, '1185.00', '2016-06-11'),
(310, 1, '4', NULL, 329, '264.00', '2016-06-11'),
(311, 4, '5', NULL, 335, '37.50', '2016-06-13'),
(312, 4, '5', NULL, 334, '120.00', '2016-06-13'),
(313, 4, '5', NULL, 333, '50.00', '2016-06-13'),
(314, 6, '7', NULL, 338, '136.00', '2016-06-16'),
(315, 6, '7', NULL, 339, '228.48', '2016-06-16'),
(316, 1, '8', NULL, 344, '264.00', '2016-06-18'),
(317, 1, '8', NULL, 343, '1300.00', '2016-06-18'),
(318, 1, '8', NULL, 591, '650.00', '2016-06-18'),
(319, 4, '9', NULL, 280, '20.00', '2016-06-21'),
(320, 4, '9', NULL, 323, '130.00', '2016-06-21'),
(321, 4, '9', NULL, 349, '125.70', '2016-06-21'),
(322, 4, '9', NULL, 348, '75.00', '2016-06-21'),
(323, 4, '9', NULL, 350, '10.00', '2016-06-21'),
(325, 4, '10', NULL, 323, '80.00', '2016-06-24'),
(326, 4, '10', NULL, 254, '10.00', '2016-06-24'),
(327, 4, '10', NULL, 220, '10.00', '2016-06-24'),
(328, 6, '10', NULL, 351, '108.80', '2016-06-24'),
(329, 6, '10', NULL, 352, '233.92', '2016-06-24'),
(330, 1, '11', NULL, 355, '275.00', '2016-06-25'),
(331, 1, '11', NULL, 354, '1324.00', '2016-06-25'),
(332, 1, '11', NULL, 356, '560.00', '2016-06-25'),
(333, 4, '12', NULL, 254, '50.00', '2016-06-27'),
(334, 4, '12', NULL, 253, '80.00', '2016-06-27'),
(335, 4, '12', NULL, 359, '279.40', '2016-06-27'),
(336, 4, '12', NULL, 360, '36.50', '2016-06-27'),
(337, 4, '12', NULL, 358, '50.00', '2016-06-27'),
(338, 4, '92', NULL, 250, '144.00', '2016-06-16'),
(339, 4, '92', NULL, 236, '24.00', '2016-06-16'),
(340, 4, '92', NULL, 323, '100.00', '2016-06-16'),
(341, 4, '92', NULL, 254, '150.00', '2016-06-16'),
(342, 4, '6', NULL, 592, '96.00', '2016-06-14'),
(343, 4, '11', NULL, 254, '480.00', '2016-06-25'),
(344, 7, '3', NULL, 19, '36.00', '2016-06-08'),
(345, 7, '3', NULL, 587, '36.00', '2016-06-08'),
(346, 7, '3', NULL, 33, '36.00', '2016-06-08'),
(347, 7, '3', NULL, 229, '6.00', '2016-06-08'),
(348, 4, '3', NULL, 322, '110.00', '2016-06-08'),
(349, 6, '3', NULL, 324, '136.00', '2016-06-09'),
(350, 6, '3', NULL, 325, '228.48', '2016-06-09'),
(351, 1, '107', NULL, 365, '1270.00', '2016-07-02'),
(352, 4, '105', NULL, 253, '96.00', '2016-07-07'),
(353, 4, '105', NULL, 220, '3.00', '2016-07-01'),
(354, 4, '106', NULL, 372, '77.90', '2016-07-04'),
(355, 4, '106', NULL, 371, '222.40', '2016-07-04'),
(356, 4, '106', NULL, 370, '75.00', '2016-07-04'),
(357, 1, '107', NULL, 593, '650.00', '2016-07-02'),
(358, 1, '107', NULL, 366, '139.00', '2016-07-02'),
(359, 6, '108', NULL, 388, '233.92', '2016-07-07'),
(360, 1, '109', NULL, 378, '1475.00', '2016-07-08'),
(361, 1, '109', NULL, 380, '635.00', '2016-07-08'),
(362, 1, '109', NULL, 379, '214.00', '2016-07-08'),
(363, 4, '110', NULL, 383, '281.00', '2016-07-11'),
(364, 4, '110', NULL, 382, '75.00', '2016-07-11'),
(365, 4, '110', NULL, 384, '40.00', '2016-07-11'),
(366, 4, '110', NULL, 337, '10.00', '2016-07-11'),
(367, 6, '111', NULL, 387, '76.16', '2016-07-15'),
(368, 4, '111', NULL, 337, '50.00', '2016-07-15'),
(369, 4, '111', NULL, 254, '10.00', '2016-07-15'),
(370, 4, '111', NULL, 277, '208.00', '2016-07-15'),
(371, 4, '111', NULL, 253, '20.00', '2016-07-15'),
(372, 4, '112', NULL, 317, '384.00', '2016-07-16'),
(373, 4, '112', NULL, 332, '8.00', '2016-07-16'),
(374, 1, '113', NULL, 216, '40.00', '2016-07-19'),
(375, 1, '113', NULL, 330, '78.00', '2016-07-19'),
(376, 4, '114', NULL, 337, '10.00', '2016-07-20'),
(377, 4, '114', NULL, 323, '40.00', '2016-07-20'),
(378, 4, '114', NULL, 263, '72.00', '2016-07-20'),
(379, 4, '114', NULL, 332, '80.00', '2016-07-20'),
(380, 6, '115', NULL, 399, '114.24', '2016-07-22'),
(381, 6, '115', NULL, 400, '228.48', '2016-07-22'),
(382, 1, '116', NULL, 245, '70.00', '2016-07-23'),
(383, 1, '116', NULL, 330, '26.00', '2016-07-23'),
(384, 1, '116', NULL, 157, '20.00', '2016-07-23'),
(385, 1, '116', NULL, 230, '80.00', '2016-07-23'),
(386, 1, '116', NULL, 272, '10.00', '2016-07-23'),
(387, 1, '116', NULL, 404, '239.00', '2016-07-23'),
(388, 1, '116', NULL, 403, '1300.00', '2016-07-23'),
(389, 1, '116', NULL, 406, '575.00', '2016-07-23'),
(390, 4, '117', NULL, 408, '657.30', '2016-07-25'),
(391, 4, '117', NULL, 407, '100.00', '2016-07-25'),
(392, 4, '117', NULL, 410, '60.10', '2016-07-25'),
(393, 4, '118', NULL, 409, '140.00', '2016-07-26'),
(394, 4, '119', NULL, 398, '550.00', '2016-07-29'),
(395, 4, '119', NULL, 337, '90.00', '2016-07-29'),
(396, 4, '119', NULL, 321, '200.00', '2016-07-29'),
(397, 6, '119', NULL, 413, '92.48', '2016-07-29'),
(398, 6, '119', NULL, 414, '228.48', '2016-07-29'),
(399, 4, '120', NULL, 317, '40.00', '2016-07-30'),
(400, 4, '120', NULL, 347, '50.00', '2016-07-30'),
(401, 4, '120', NULL, 332, '192.00', '2016-07-30'),
(402, 4, '120', NULL, 398, '20.00', '2016-07-30'),
(403, 4, '120', NULL, 323, '30.00', '2016-07-30'),
(404, 6, '121', NULL, 426, '70.72', '2016-08-05'),
(405, 6, '121', NULL, 427, '255.68', '2016-08-05'),
(406, 4, '122', NULL, 323, '130.00', '2016-08-06'),
(407, 4, '122', NULL, 398, '220.00', '2016-08-06'),
(408, 6, '108', NULL, 374, '65.28', '2016-07-07'),
(409, 6, '108', NULL, 375, '233.92', '2016-07-07'),
(410, 1, '112', NULL, 391, '214.00', '2016-07-16'),
(411, 1, '112', NULL, 392, '648.00', '2016-07-16'),
(412, 1, '112', NULL, 390, '1475.00', '2016-07-16'),
(413, 4, '112', NULL, 396, '83.00', '2016-07-18'),
(414, 4, '112', NULL, 394, '100.00', '2016-07-18'),
(415, 4, '112', NULL, 395, '274.60', '2016-07-18'),
(416, 4, '112', NULL, 397, '69.90', '2016-07-18'),
(417, 4, '113', NULL, 397, '140.00', '2016-07-19'),
(418, 1, '120', NULL, 419, '650.00', '2016-07-30'),
(419, 1, '120', NULL, 418, '239.00', '2016-07-30'),
(420, 1, '120', NULL, 417, '1550.00', '2016-07-30'),
(421, 1, '122', NULL, 430, '1525.00', '2016-08-06'),
(422, 1, '122', NULL, 431, '214.00', '2016-08-06'),
(423, 1, '122', NULL, 432, '732.00', '2016-08-06'),
(424, 4, '123', NULL, 434, '100.00', '2016-08-08'),
(425, 4, '123', NULL, 437, '79.90', '2016-08-08'),
(426, 4, '123', NULL, 435, '370.50', '2016-08-08'),
(427, 4, '124', NULL, 323, '220.00', '2016-08-11'),
(428, 4, '124', NULL, 393, '56.00', '2016-08-11'),
(429, 4, '124', NULL, 436, '110.00', '2016-08-11'),
(430, 1, '125', NULL, 416, '60.00', '2016-08-12'),
(431, 6, '125', NULL, 440, '282.88', '2016-08-12'),
(433, 1, '126', NULL, 443, '1300.00', '2016-08-13'),
(434, 1, '126', NULL, 444, '144.00', '2016-08-13'),
(435, 1, '126', NULL, 445, '214.00', '2016-08-13'),
(436, 1, '126', NULL, 446, '725.00', '2016-08-13'),
(437, 4, '127', NULL, 398, '16.00', '2016-08-16'),
(438, 4, '127', NULL, 449, '224.00', '2016-08-16'),
(439, 4, '127', NULL, 451, '100.00', '2016-08-16'),
(440, 4, '127', NULL, 448, '100.00', '2016-08-16'),
(441, 1, '128', NULL, 416, '400.00', '2016-08-17'),
(442, 6, '129', NULL, 452, '97.92', '2016-08-19'),
(443, 6, '129', NULL, 453, '288.32', '2016-08-19'),
(444, 4, '129', NULL, 393, '80.00', '2016-08-19'),
(445, 4, '129', NULL, 321, '40.00', '2016-08-19'),
(446, 4, '129', NULL, 323, '170.00', '2016-08-19'),
(447, 4, '121', NULL, 421, '100.00', '2016-08-01'),
(448, 4, '121', NULL, 422, '688.00', '2016-08-01'),
(449, 4, '121', NULL, 423, '82.00', '2016-08-01'),
(450, 4, '121', NULL, 424, '55.00', '2016-08-01'),
(451, 4, '129', NULL, 425, '210.00', '2016-08-19'),
(452, 4, '129', NULL, 450, '20.00', '2016-08-19'),
(453, 4, '129', NULL, 337, '220.00', '2016-08-19'),
(454, 1, '130', NULL, 456, '1475.00', '2016-08-20'),
(455, 1, '130', NULL, 457, '214.00', '2016-08-20'),
(456, 1, '130', NULL, 458, '800.00', '2016-08-20'),
(457, 4, '131', NULL, 393, '16.00', '2016-08-22'),
(458, 4, '131', NULL, 460, '75.00', '2016-08-22'),
(459, 4, '131', NULL, 461, '314.10', '2016-08-22'),
(460, 4, '131', NULL, 463, '96.30', '2016-08-22'),
(461, 4, '132', NULL, 337, '300.00', '2016-08-23'),
(462, 1, '133', NULL, 405, '78.00', '2016-08-24'),
(463, 6, '134', NULL, 466, '304.64', '2016-08-26'),
(464, 6, '134', NULL, 465, '81.50', '2016-08-26'),
(465, 1, '135', NULL, 469, '1145.00', '2016-08-27'),
(466, 1, '135', NULL, 470, '339.00', '2016-08-27'),
(467, 1, '135', NULL, 471, '698.00', '2016-08-27'),
(468, 7, '136', NULL, 412, '60.00', '2016-08-29'),
(469, 7, '136', NULL, 296, '6.00', '2016-08-29'),
(470, 7, '136', NULL, 376, '36.00', '2016-08-29'),
(471, 4, '136', NULL, 476, '82.10', '2016-08-29'),
(472, 4, '136', NULL, 473, '125.00', '2016-08-29'),
(473, 4, '136', NULL, 474, '303.00', '2016-08-29'),
(474, 6, '136', NULL, 478, '108.80', '2016-09-02'),
(475, 6, '136', NULL, 479, '304.64', '2016-09-02'),
(476, 4, '138', NULL, 393, '64.00', '2016-09-03'),
(477, 4, '138', NULL, 398, '160.00', '2016-09-03'),
(478, 4, '138', NULL, 425, '10.00', '2016-09-03'),
(479, 4, '138', NULL, 436, '10.00', '2016-09-03'),
(480, 4, '138', NULL, 337, '320.00', '2016-09-03'),
(481, 1, '138', NULL, 481, '1400.00', '2016-09-03'),
(482, 1, '138', NULL, 483, '725.00', '2016-09-03'),
(483, 1, '138', NULL, 482, '289.00', '2016-09-03'),
(484, 4, '139', NULL, 485, '75.00', '2016-09-05'),
(485, 4, '139', NULL, 486, '203.00', '2016-09-05'),
(486, 4, '139', NULL, 487, '101.00', '2016-09-05'),
(487, 6, '140', NULL, 489, '315.52', '2016-09-09'),
(488, 6, '140', NULL, 488, '81.60', '2016-09-09'),
(489, 1, '141', NULL, 492, '1300.00', '2016-09-10'),
(490, 1, '141', NULL, 493, '239.00', '2016-09-10'),
(491, 1, '141', NULL, 494, '675.00', '2016-09-10'),
(492, 4, '141', NULL, 472, '64.00', '2016-09-10'),
(493, 4, '141', NULL, 459, '232.00', '2016-09-10'),
(494, 4, '142', NULL, 496, '100.00', '2016-09-12'),
(495, 4, '142', NULL, 497, '312.80', '2016-09-12'),
(496, 4, '142', NULL, 499, '43.40', '2016-09-12'),
(497, 4, '142', NULL, 500, '32.90', '2016-09-12');

-- --------------------------------------------------------

--
-- Estructura de tabla para la tabla `ingresos`
--

CREATE TABLE IF NOT EXISTS `ingresos` (
  `idIngreso` int(11) NOT NULL AUTO_INCREMENT,
  `idLote` int(11) NOT NULL,
  `fecha` date NOT NULL,
  `cantidad` decimal(7,2) NOT NULL,
  PRIMARY KEY (`idIngreso`),
  KEY `idLote` (`idLote`)
) ENGINE=InnoDB  DEFAULT CHARSET=utf8 COLLATE=utf8_spanish2_ci AUTO_INCREMENT=206 ;

--
-- Volcado de datos para la tabla `ingresos`
--

INSERT INTO `ingresos` (`idIngreso`, `idLote`, `fecha`, `cantidad`) VALUES
(1, 62611, '2016-03-02', '721.50'),
(2, 63631, '2016-03-03', '1690.00'),
(3, 64631, '2016-03-04', '1406.00'),
(4, 68641, '2016-03-08', '770.00'),
(5, 68611, '2016-03-08', '2633.00'),
(6, 69611, '2016-03-09', '642.00'),
(7, 70631, '2016-03-10', '1718.00'),
(8, 71631, '2016-03-11', '1712.00'),
(9, 74641, '2016-03-14', '922.80'),
(10, 74642, '2016-03-14', '2613.00'),
(11, 76611, '2016-03-16', '715.30'),
(12, 76631, '2016-03-16', '1809.00'),
(13, 77631, '2016-03-17', '1852.40'),
(14, 78631, '2016-03-18', '1778.00'),
(15, 81641, '2016-03-21', '1324.95'),
(16, 81611, '2016-03-21', '2398.70'),
(17, 88611, '2016-03-28', '2253.50'),
(18, 88641, '2016-03-28', '1027.00'),
(19, 90611, '2016-03-30', '1579.30'),
(20, 91631, '2016-03-31', '1815.00'),
(21, 4641, '2016-01-04', '1379.00'),
(22, 5611, '2016-01-05', '3178.20'),
(24, 6611, '2016-01-06', '554.10'),
(25, 7631, '2016-01-07', '1505.00'),
(26, 8631, '2016-01-08', '1512.00'),
(27, 11641, '2016-01-11', '1320.00'),
(28, 11611, '2016-01-11', '3908.00'),
(29, 12641, '2016-01-12', '390.00'),
(30, 13611, '2016-01-13', '684.00'),
(31, 14631, '2016-01-14', '1561.00'),
(32, 15631, '2016-01-15', '1446.00'),
(33, 18641, '2016-01-18', '1162.80'),
(34, 18642, '2016-01-18', '688.20'),
(35, 18611, '2016-01-18', '1870.00'),
(36, 20641, '2016-01-20', '1872.65'),
(37, 32641, '2016-02-01', '2572.00'),
(38, 34611, '2016-02-03', '1452.00'),
(39, 35631, '2016-02-04', '1500.00'),
(40, 36631, '2016-02-05', '1505.00'),
(41, 41641, '2016-02-10', '694.00'),
(42, 41611, '2016-02-10', '2627.00'),
(43, 42631, '2016-02-11', '1641.00'),
(44, 43631, '2016-02-12', '1360.00'),
(45, 46641, '2016-02-15', '2739.00'),
(46, 48611, '2016-02-17', '643.00'),
(47, 49631, '2016-02-18', '1521.00'),
(48, 50631, '2016-02-19', '1802.00'),
(49, 53641, '2016-02-22', '638.50'),
(50, 53642, '2016-02-22', '1072.70'),
(51, 55611, '2016-02-24', '679.00'),
(52, 56631, '2016-02-25', '1665.00'),
(53, 57631, '2016-02-26', '1355.00'),
(54, 60641, '2016-02-29', '957.30'),
(55, 60642, '2016-02-29', '1936.00'),
(56, 20611, '2016-01-20', '525.00'),
(57, 21631, '2016-01-21', '1732.00'),
(58, 22631, '2016-01-22', '1820.00'),
(59, 25641, '2016-01-25', '1240.15'),
(60, 25611, '2016-01-25', '2190.70'),
(61, 27611, '2016-01-27', '631.00'),
(62, 27641, '2016-01-27', '1303.30'),
(63, 28631, '2016-01-28', '1820.50'),
(64, 29631, '2016-01-29', '1202.00'),
(65, 92631, '2016-04-01', '1810.20'),
(66, 95641, '2016-04-04', '1298.20'),
(67, 95611, '2016-04-04', '1935.60'),
(68, 97611, '2016-04-06', '689.20'),
(69, 98631, '2016-04-07', '1821.10'),
(70, 99631, '2016-04-08', '1876.40'),
(71, 102641, '2016-04-11', '1273.80'),
(72, 102611, '2016-04-11', '1892.20'),
(73, 104611, '2016-04-13', '1013.50'),
(74, 105631, '2016-04-14', '1740.50'),
(75, 106631, '2016-04-15', '1830.70'),
(76, 109641, '2016-04-18', '419.00'),
(77, 109611, '2016-04-15', '3655.00'),
(78, 111611, '2016-04-20', '1200.00'),
(79, 112631, '2016-04-21', '1725.00'),
(80, 113631, '2016-04-22', '1633.00'),
(82, 116641, '2016-04-25', '841.00'),
(83, 116642, '2016-04-25', '2360.00'),
(84, 118611, '2016-04-27', '921.00'),
(85, 119631, '2016-04-28', '1555.20'),
(86, 120631, '2016-04-29', '1671.00'),
(87, 123641, '2016-05-02', '829.00'),
(88, 123642, '2016-05-02', '1965.00'),
(89, 125611, '2016-05-04', '749.30'),
(90, 126631, '2016-05-05', '1533.00'),
(91, 127631, '2016-05-06', '1490.00'),
(92, 130641, '2016-05-09', '1040.00'),
(93, 132611, '2016-05-11', '665.80'),
(94, 133631, '2016-05-12', '1517.00'),
(95, 134631, '2016-05-13', '1499.00'),
(96, 137641, '2016-05-16', '645.70'),
(97, 137611, '2016-05-16', '3038.80'),
(98, 139611, '2016-05-18', '1078.70'),
(99, 140631, '2016-05-19', '1522.00'),
(100, 141631, '2016-05-20', '1513.00'),
(101, 144641, '2016-05-23', '832.80'),
(102, 144611, '2016-05-23', '1995.00'),
(103, 146611, '2016-05-25', '2154.60'),
(104, 147631, '2016-05-26', '3315.00'),
(105, 151641, '2016-12-30', '668.50'),
(106, 151611, '2016-05-30', '5009.60'),
(107, 153611, '2016-06-01', '536.90'),
(108, 154631, '2016-06-02', '3240.80'),
(109, 159641, '2016-06-07', '851.50'),
(110, 159642, '2016-06-07', '2031.00'),
(111, 160611, '2016-06-08', '1222.00'),
(112, 161631, '2016-06-09', '3200.00'),
(113, 165641, '2016-06-13', '690.30'),
(114, 165642, '2016-06-13', '1886.00'),
(115, 166611, '2016-06-15', '1260.90'),
(116, 166631, '2016-06-15', '3250.00'),
(117, 173641, '2016-06-21', '633.30'),
(118, 174611, '2016-06-22', '1763.00'),
(119, 175631, '2016-06-23', '3055.00'),
(120, 179641, '2016-06-27', '782.80'),
(121, 179611, '2016-06-27', '4839.80'),
(122, 181611, '2016-06-29', '657.80'),
(123, 182631, '2016-06-30', '3002.60'),
(124, 186641, '2016-07-04', '770.00'),
(125, 186611, '2016-07-04', '2895.50'),
(126, 187611, '2016-07-05', '630.00'),
(127, 188631, '2016-07-06', '3319.50'),
(128, 193641, '2016-07-11', '601.50'),
(129, 193611, '2016-07-11', '3966.20'),
(130, 195611, '2016-07-13', '568.50'),
(131, 196631, '2016-07-14', '3337.00'),
(132, 200641, '2016-07-18', '918.25'),
(133, 200642, '2016-07-18', '2250.00'),
(134, 202611, '2016-07-20', '636.30'),
(135, 203631, '2016-07-21', '3651.00'),
(136, 207641, '2016-07-25', '1376.00'),
(137, 207611, '2016-07-25', '1984.50'),
(138, 209611, '2016-07-27', '654.90'),
(139, 210631, '2016-07-28', '4292.50'),
(140, 214641, '2016-08-01', '1107.00'),
(141, 214642, '2016-08-01', '2305.00'),
(142, 216611, '2016-08-03', '600.40'),
(143, 217631, '2016-08-04', '3702.00'),
(144, 221641, '2016-08-08', '1218.00'),
(145, 221611, '2016-08-08', '2524.00'),
(146, 223611, '2016-08-10', '690.20'),
(147, 224631, '2016-08-11', '1750.50'),
(148, 225631, '2016-08-10', '1705.80'),
(149, 229641, '2016-08-16', '1292.00'),
(150, 229611, '2016-08-16', '2548.00'),
(151, 231631, '2016-08-18', '3573.00'),
(152, 235641, '2016-08-22', '1161.00'),
(153, 235611, '2016-08-22', '2599.00'),
(154, 237611, '2016-08-24', '817.40'),
(155, 239631, '2016-08-26', '3025.00'),
(156, 242641, '2016-08-29', '955.60'),
(157, 242611, '2016-08-29', '3398.00'),
(158, 244611, '2016-08-31', '812.20'),
(159, 246631, '2016-09-01', '3500.70'),
(160, 249641, '2016-09-05', '866.60'),
(161, 250611, '2016-09-06', '1485.00'),
(162, 252631, '2016-09-08', '3067.00'),
(163, 256641, '2016-09-12', '868.00'),
(164, 256642, '2016-09-12', '1833.00'),
(165, 258611, '2016-09-14', '679.40'),
(166, 259631, '2016-09-15', '3415.40'),
(167, 263641, '2016-09-19', '1122.85'),
(168, 265611, '2016-09-21', '674.10'),
(169, 266631, '2016-09-22', '3554.50'),
(170, 270641, '2016-09-26', '861.10'),
(171, 272611, '2016-09-28', '645.00'),
(172, 273631, '2016-09-29', '3327.00'),
(173, 277641, '2016-10-03', '1038.15'),
(174, 277611, '2016-10-03', '2350.10'),
(175, 279611, '2016-10-05', '1125.10'),
(176, 280631, '2016-10-06', '4130.00'),
(177, 285641, '2016-10-11', '775.00'),
(178, 286611, '2016-10-12', '1253.40'),
(179, 287631, '2016-10-13', '4189.40'),
(180, 291641, '2016-10-17', '949.50'),
(181, 291611, '2016-10-17', '2514.70'),
(182, 293611, '2016-10-19', '1013.20'),
(183, 294631, '2016-10-20', '3506.00'),
(184, 298641, '2016-10-24', '1027.00'),
(185, 299611, '2016-10-25', '2380.00'),
(186, 301631, '2016-10-27', '3663.00'),
(187, 305611, '2016-10-27', '1457.20'),
(188, 306641, '2016-11-01', '916.90'),
(189, 307611, '2016-11-02', '1163.80'),
(190, 308631, '2016-11-03', '3525.00'),
(191, 312641, '2016-11-07', '751.00'),
(192, 312611, '2016-11-07', '3129.70'),
(193, 314611, '2016-11-09', '2254.00'),
(194, 315631, '2016-11-10', '3466.70'),
(195, 319641, '2016-11-14', '795.85'),
(196, 319611, '2016-11-14', '4364.00'),
(197, 322631, '2016-11-17', '4272.00'),
(198, 326641, '2016-11-21', '1240.55'),
(199, 326611, '2016-11-21', '2850.00'),
(200, 328611, '2016-11-23', '1124.20'),
(201, 329631, '2016-11-24', '3003.00'),
(202, 334641, '2016-11-29', '1053.50'),
(203, 334642, '2016-11-29', '1120.00'),
(204, 334611, '2016-11-29', '1710.00'),
(205, 335611, '2016-11-30', '850.00');

-- --------------------------------------------------------

--
-- Estructura de tabla para la tabla `lotes`
--

CREATE TABLE IF NOT EXISTS `lotes` (
  `id_lote` int(11) NOT NULL,
  `proveedor` int(11) NOT NULL,
  PRIMARY KEY (`id_lote`),
  KEY `proveedor` (`proveedor`)
) ENGINE=InnoDB DEFAULT CHARSET=utf8 COLLATE=utf8_spanish2_ci;

--
-- Volcado de datos para la tabla `lotes`
--

INSERT INTO `lotes` (`id_lote`, `proveedor`) VALUES
(5611, 1),
(6611, 1),
(11611, 1),
(13611, 1),
(18611, 1),
(20611, 1),
(25611, 1),
(27611, 1),
(34611, 1),
(41611, 1),
(48611, 1),
(55611, 1),
(62611, 1),
(68611, 1),
(69611, 1),
(76611, 1),
(81611, 1),
(88611, 1),
(90611, 1),
(95611, 1),
(97611, 1),
(102611, 1),
(104611, 1),
(109611, 1),
(111611, 1),
(118611, 1),
(125611, 1),
(132611, 1),
(137611, 1),
(139611, 1),
(144611, 1),
(146611, 1),
(151611, 1),
(153611, 1),
(160611, 1),
(166611, 1),
(174611, 1),
(179611, 1),
(181611, 1),
(186611, 1),
(187611, 1),
(193611, 1),
(195611, 1),
(202611, 1),
(207611, 1),
(209611, 1),
(216611, 1),
(221611, 1),
(223611, 1),
(229611, 1),
(235611, 1),
(237611, 1),
(242611, 1),
(244611, 1),
(250611, 1),
(258611, 1),
(265611, 1),
(272611, 1),
(277611, 1),
(279611, 1),
(286611, 1),
(291611, 1),
(293611, 1),
(299611, 1),
(305611, 1),
(307611, 1),
(312611, 1),
(314611, 1),
(319611, 1),
(326611, 1),
(328611, 1),
(334611, 1),
(335611, 1),
(7631, 3),
(8631, 3),
(14631, 3),
(15631, 3),
(21631, 3),
(22631, 3),
(28631, 3),
(29631, 3),
(35631, 3),
(36631, 3),
(42631, 3),
(43631, 3),
(49631, 3),
(50631, 3),
(56631, 3),
(57631, 3),
(63631, 3),
(64631, 3),
(70631, 3),
(71631, 3),
(76631, 3),
(77631, 3),
(78631, 3),
(91631, 3),
(92631, 3),
(98631, 3),
(99631, 3),
(105631, 3),
(106631, 3),
(112631, 3),
(113631, 3),
(119631, 3),
(120631, 3),
(126631, 3),
(127631, 3),
(133631, 3),
(134631, 3),
(140631, 3),
(141631, 3),
(147631, 3),
(154631, 3),
(161631, 3),
(166631, 3),
(175631, 3),
(182631, 3),
(188631, 3),
(196631, 3),
(203631, 3),
(210631, 3),
(217631, 3),
(224631, 3),
(225631, 3),
(231631, 3),
(239631, 3),
(246631, 3),
(252631, 3),
(259631, 3),
(266631, 3),
(273631, 3),
(280631, 3),
(287631, 3),
(294631, 3),
(301631, 3),
(308631, 3),
(315631, 3),
(322631, 3),
(329631, 3),
(4641, 4),
(11641, 4),
(12641, 4),
(18641, 4),
(18642, 4),
(20641, 4),
(25641, 4),
(27641, 4),
(32641, 4),
(41641, 4),
(46641, 4),
(53641, 4),
(53642, 4),
(60641, 4),
(60642, 4),
(68641, 4),
(74641, 4),
(74642, 4),
(81641, 4),
(88641, 4),
(95641, 4),
(102641, 4),
(109641, 4),
(116641, 4),
(116642, 4),
(123641, 4),
(123642, 4),
(130641, 4),
(137641, 4),
(144641, 4),
(151641, 4),
(159641, 4),
(159642, 4),
(165641, 4),
(165642, 4),
(173641, 4),
(179641, 4),
(186641, 4),
(193641, 4),
(200641, 4),
(200642, 4),
(207641, 4),
(214641, 4),
(214642, 4),
(221641, 4),
(229641, 4),
(235641, 4),
(242641, 4),
(249641, 4),
(256641, 4),
(256642, 4),
(263641, 4),
(270641, 4),
(277641, 4),
(285641, 4),
(291641, 4),
(298641, 4),
(306641, 4),
(312641, 4),
(319641, 4),
(326641, 4),
(334641, 4),
(334642, 4);

-- --------------------------------------------------------

--
-- Estructura de tabla para la tabla `procesoenespera`
--

CREATE TABLE IF NOT EXISTS `procesoenespera` (
  `idProceso` int(11) NOT NULL,
  `fecha` date NOT NULL,
  `cantidad` decimal(7,2) NOT NULL,
  `idProcesoEnEspera` int(11) NOT NULL AUTO_INCREMENT,
  PRIMARY KEY (`idProcesoEnEspera`),
  KEY `idProceso` (`idProceso`)
) ENGINE=InnoDB  DEFAULT CHARSET=utf8 COLLATE=utf8_spanish2_ci AUTO_INCREMENT=653 ;

--
-- Volcado de datos para la tabla `procesoenespera`
--

INSERT INTO `procesoenespera` (`idProceso`, `fecha`, `cantidad`, `idProcesoEnEspera`) VALUES
(1, '2016-03-02', '0.00', 1),
(2, '2016-03-02', '0.00', 2),
(3, '2016-03-02', '0.00', 3),
(4, '2016-03-31', '130.00', 4),
(5, '2016-03-31', '0.00', 5),
(6, '2016-03-31', '0.00', 6),
(7, '2016-03-31', '110.00', 7),
(8, '2016-03-30', '0.00', 8),
(9, '2016-03-30', '0.00', 9),
(10, '2016-03-30', '0.00', 10),
(12, '2016-03-28', '0.00', 12),
(13, '2016-03-28', '0.00', 13),
(14, '2016-03-28', '0.00', 14),
(15, '2016-03-28', '0.00', 15),
(16, '2016-03-28', '0.00', 16),
(17, '2016-03-21', '0.00', 17),
(18, '2016-03-21', '0.00', 18),
(19, '2016-03-21', '12.00', 19),
(20, '2016-03-21', '0.00', 20),
(21, '2016-03-21', '0.00', 21),
(22, '2016-03-21', '0.00', 22),
(23, '2016-03-21', '0.00', 23),
(24, '2016-03-21', '0.00', 24),
(25, '2016-03-21', '0.00', 25),
(26, '2016-03-18', '0.00', 26),
(27, '2016-03-18', '0.00', 27),
(28, '2016-03-17', '0.00', 28),
(29, '2016-03-16', '0.00', 29),
(30, '2016-03-16', '0.00', 30),
(31, '2016-03-16', '0.00', 31),
(32, '2016-03-16', '0.00', 32),
(33, '2016-03-16', '0.00', 33),
(34, '2016-03-14', '24.00', 34),
(35, '2016-03-14', '0.00', 35),
(36, '2016-03-14', '0.00', 36),
(37, '2016-03-14', '0.00', 37),
(38, '2016-03-14', '0.00', 38),
(39, '2016-03-14', '0.00', 39),
(40, '2016-03-11', '100.00', 40),
(41, '2016-03-11', '0.00', 41),
(42, '2016-03-11', '0.00', 42),
(43, '2016-03-10', '0.00', 43),
(44, '2016-03-09', '0.00', 44),
(45, '2016-03-09', '0.00', 45),
(46, '2016-03-09', '0.00', 46),
(47, '2016-03-08', '0.00', 47),
(48, '2016-03-08', '32.00', 48),
(49, '2016-03-08', '0.00', 49),
(50, '2016-03-08', '0.00', 50),
(51, '2016-03-08', '0.00', 51),
(52, '2016-03-08', '0.00', 52),
(53, '2016-03-04', '0.00', 53),
(54, '2016-03-04', '25.00', 54),
(55, '2016-03-04', '0.00', 55),
(56, '2016-03-03', '100.00', 56),
(57, '2016-03-03', '0.00', 57),
(58, '2016-03-03', '0.00', 58),
(59, '2016-01-04', '16.00', 59),
(60, '2016-01-04', '0.00', 60),
(61, '2016-01-04', '0.00', 61),
(62, '2016-01-04', '0.00', 62),
(63, '2016-01-05', '0.00', 63),
(64, '2016-01-05', '0.00', 64),
(67, '2016-01-06', '38.08', 67),
(68, '2016-01-06', '212.16', 68),
(69, '2016-01-06', '12.00', 69),
(70, '2016-01-07', '400.00', 70),
(71, '2016-01-07', '0.00', 71),
(72, '2016-01-08', '140.00', 72),
(73, '2016-01-08', '0.00', 73),
(74, '2016-01-08', '37.00', 74),
(75, '2016-01-08', '0.00', 75),
(76, '2016-01-11', '0.00', 76),
(77, '2016-01-11', '0.00', 77),
(78, '2016-01-11', '0.00', 78),
(79, '2016-01-11', '0.00', 79),
(80, '2016-01-11', '42.00', 80),
(81, '2016-01-12', '40.00', 81),
(82, '2016-01-13', '0.00', 82),
(83, '2016-01-13', '0.00', 83),
(84, '2016-01-13', '12.00', 84),
(85, '2016-01-14', '200.00', 85),
(86, '2016-01-14', '0.00', 86),
(87, '2016-01-14', '0.00', 87),
(88, '2016-01-15', '0.00', 88),
(89, '2016-01-15', '0.00', 89),
(90, '2016-01-15', '26.00', 90),
(91, '2016-01-15', '0.00', 91),
(92, '2016-01-18', '128.00', 92),
(93, '2016-01-18', '0.00', 93),
(94, '2016-01-18', '0.00', 94),
(95, '2016-01-18', '0.00', 95),
(96, '2016-01-18', '0.00', 96),
(97, '2016-01-18', '0.00', 97),
(98, '2016-01-20', '144.00', 98),
(99, '2016-01-20', '220.00', 99),
(101, '2016-02-01', '392.00', 101),
(102, '2016-02-01', '0.00', 102),
(103, '2016-02-01', '590.00', 103),
(104, '2016-02-01', '0.00', 104),
(105, '2016-02-03', '0.00', 105),
(106, '2016-02-03', '0.00', 106),
(107, '2016-02-03', '0.00', 107),
(108, '2016-02-03', '48.00', 108),
(109, '2016-02-04', '110.00', 109),
(110, '2016-02-04', '0.00', 110),
(111, '2016-02-05', '0.00', 111),
(112, '2016-02-05', '0.00', 112),
(113, '2016-02-05', '0.00', 113),
(114, '2016-02-05', '0.00', 114),
(115, '2016-02-10', '136.00', 115),
(116, '2016-02-10', '0.00', 116),
(117, '2016-02-10', '0.00', 117),
(118, '2016-02-10', '0.00', 118),
(119, '2016-02-10', '0.00', 119),
(120, '2016-02-10', '0.00', 120),
(121, '2016-02-10', '48.00', 121),
(122, '2016-02-11', '0.00', 122),
(123, '2016-02-11', '0.00', 123),
(124, '2016-02-11', '0.00', 124),
(125, '2016-02-12', '0.00', 125),
(126, '2016-02-12', '0.00', 126),
(127, '2016-02-12', '0.00', 127),
(128, '2016-02-15', '72.00', 128),
(129, '2016-02-15', '0.00', 129),
(130, '2016-02-15', '0.00', 130),
(131, '2016-02-15', '570.00', 131),
(132, '2016-02-15', '0.00', 132),
(133, '2016-02-17', '0.00', 133),
(134, '2016-02-17', '0.00', 134),
(135, '2016-02-17', '0.00', 135),
(136, '2016-02-17', '18.00', 136),
(137, '2016-02-18', '0.00', 137),
(138, '2016-02-18', '0.00', 138),
(139, '2016-02-18', '0.00', 139),
(140, '2016-02-19', '0.00', 140),
(141, '2016-02-19', '0.00', 141),
(142, '2016-02-19', '0.00', 142),
(143, '2016-02-19', '0.00', 143),
(144, '2016-02-19', '0.00', 144),
(145, '2016-02-22', '0.00', 145),
(146, '2016-02-22', '0.00', 146),
(147, '2016-02-22', '0.00', 147),
(148, '2016-02-22', '0.00', 148),
(149, '2016-02-22', '0.00', 149),
(150, '2016-02-22', '40.00', 150),
(151, '2016-02-22', '0.00', 151),
(152, '2016-02-24', '0.00', 152),
(153, '2016-02-24', '0.00', 153),
(154, '2016-02-24', '0.00', 154),
(155, '2016-02-25', '0.00', 155),
(156, '2016-02-25', '0.00', 156),
(157, '2016-02-26', '190.00', 157),
(158, '2016-02-26', '0.00', 158),
(159, '2016-02-26', '0.00', 159),
(161, '2016-02-29', '152.00', 161),
(162, '2016-02-29', '0.00', 162),
(163, '2016-02-29', '0.00', 163),
(164, '2016-02-29', '0.00', 164),
(165, '2016-02-29', '310.00', 165),
(166, '2016-01-20', '81.60', 166),
(167, '2016-01-20', '212.16', 167),
(168, '2016-01-21', '325.00', 168),
(169, '2016-01-21', '0.00', 169),
(170, '2016-01-21', '0.00', 170),
(171, '2016-01-22', '0.00', 171),
(172, '2016-01-22', '0.00', 172),
(173, '2016-01-22', '130.00', 173),
(174, '2016-01-22', '0.00', 174),
(175, '2016-01-25', '144.00', 175),
(176, '2016-01-25', '0.00', 176),
(177, '2016-01-25', '70.00', 177),
(178, '2016-01-25', '0.00', 178),
(180, '2016-01-27', '0.00', 180),
(181, '2016-01-27', '0.00', 181),
(182, '2016-01-27', '200.00', 182),
(183, '2016-01-27', '500.00', 183),
(184, '2016-01-28', '480.00', 184),
(185, '2016-01-28', '0.00', 185),
(186, '2016-01-29', '0.00', 186),
(187, '2016-01-29', '0.00', 187),
(188, '2016-01-29', '13.00', 188),
(189, '2016-01-29', '0.00', 189),
(190, '2016-04-01', '0.00', 190),
(191, '2016-04-01', '500.00', 191),
(192, '2016-04-01', '0.00', 192),
(193, '2016-04-04', '24.00', 193),
(194, '2016-04-04', '0.00', 194),
(195, '2016-04-04', '0.00', 195),
(196, '2016-04-04', '0.00', 196),
(197, '2016-04-04', '0.00', 197),
(198, '2016-04-06', '0.00', 198),
(199, '2016-04-06', '0.00', 199),
(200, '2016-04-06', '24.00', 200),
(201, '2016-04-07', '0.00', 201),
(202, '2016-04-07', '0.00', 202),
(203, '2016-04-07', '0.00', 203),
(204, '2016-04-07', '153.00', 204),
(205, '2016-04-07', '0.00', 205),
(206, '2016-04-08', '0.00', 206),
(207, '2016-04-08', '0.00', 207),
(208, '2016-04-08', '0.00', 208),
(209, '2016-04-11', '0.00', 209),
(210, '2016-04-11', '0.00', 210),
(211, '2016-04-11', '0.00', 211),
(212, '2016-04-11', '0.00', 212),
(213, '2016-04-13', '0.00', 213),
(214, '2016-04-13', '0.00', 214),
(215, '2016-04-13', '0.00', 215),
(216, '2016-04-14', '60.00', 216),
(217, '2016-04-14', '0.00', 217),
(218, '2016-04-14', '0.00', 218),
(219, '2016-04-15', '0.00', 219),
(220, '2016-04-15', '0.00', 220),
(222, '2016-04-15', '120.00', 222),
(223, '2016-04-15', '0.00', 223),
(224, '2016-04-15', '0.00', 224),
(225, '2016-04-18', '0.00', 225),
(226, '2016-04-20', '0.00', 226),
(227, '2016-04-20', '0.00', 227),
(228, '2016-04-20', '0.00', 228),
(229, '2016-04-20', '48.00', 229),
(230, '2016-04-21', '20.00', 230),
(231, '2016-04-21', '0.00', 231),
(232, '2016-04-21', '0.00', 232),
(233, '2016-04-22', '0.00', 233),
(234, '2016-04-22', '0.00', 234),
(236, '2016-04-25', '0.00', 236),
(237, '2016-04-25', '0.00', 237),
(238, '2016-04-25', '0.00', 238),
(239, '2016-04-25', '160.00', 239),
(240, '2016-04-25', '1240.00', 240),
(241, '2016-04-27', '0.00', 241),
(242, '2016-04-27', '0.00', 242),
(243, '2016-04-27', '132.00', 243),
(244, '2016-04-27', '0.00', 244),
(245, '2016-04-28', '0.00', 245),
(246, '2016-04-28', '0.00', 246),
(247, '2016-04-28', '0.00', 247),
(248, '2016-04-29', '0.00', 248),
(250, '2016-05-02', '0.00', 250),
(251, '2016-05-02', '0.00', 251),
(252, '2016-05-02', '0.00', 252),
(253, '2016-05-02', '188.00', 253),
(254, '2016-05-02', '0.00', 254),
(255, '2016-05-04', '0.00', 255),
(256, '2016-05-04', '0.00', 256),
(257, '2016-05-04', '48.00', 257),
(258, '2016-05-05', '20.00', 258),
(259, '2016-05-05', '0.00', 259),
(260, '2016-05-05', '0.00', 260),
(261, '2016-05-06', '0.00', 261),
(262, '2016-05-06', '0.00', 262),
(263, '2016-05-09', '240.00', 263),
(264, '2016-05-09', '0.00', 264),
(265, '2016-05-09', '0.00', 265),
(266, '2016-05-09', '0.00', 266),
(267, '2016-05-09', '0.00', 267),
(268, '2016-05-11', '0.00', 268),
(269, '2016-05-11', '0.00', 269),
(270, '2016-05-11', '12.00', 270),
(271, '2016-05-11', '6.00', 271),
(272, '2016-05-12', '0.00', 272),
(273, '2016-05-12', '0.00', 273),
(274, '2016-05-12', '0.00', 274),
(275, '2016-05-13', '0.00', 275),
(277, '2016-05-16', '0.00', 277),
(278, '2016-05-16', '0.00', 278),
(279, '2016-05-16', '0.00', 279),
(280, '2016-05-16', '0.00', 280),
(281, '2016-05-16', '0.00', 281),
(282, '2016-05-16', '1536.00', 282),
(283, '2016-05-16', '30.00', 283),
(284, '2016-05-18', '0.00', 284),
(285, '2016-05-18', '0.00', 285),
(286, '2016-05-18', '240.00', 286),
(287, '2016-05-19', '0.00', 287),
(288, '2016-05-19', '0.00', 288),
(289, '2016-05-20', '0.00', 289),
(291, '2016-05-23', '320.00', 291),
(292, '2016-05-23', '0.00', 292),
(293, '2016-05-23', '0.00', 293),
(294, '2016-05-23', '10.00', 294),
(295, '2016-05-23', '792.00', 295),
(296, '2016-05-23', '258.00', 296),
(297, '2016-05-25', '0.00', 297),
(299, '2016-05-25', '0.00', 299),
(300, '2016-05-25', '828.00', 300),
(301, '2016-05-26', '15.00', 301),
(302, '2016-05-26', '0.00', 302),
(303, '2016-05-26', '0.00', 303),
(304, '2016-05-26', '55.00', 304),
(305, '2016-05-26', '0.00', 305),
(306, '2016-05-30', '288.00', 306),
(307, '2016-05-30', '0.00', 307),
(308, '2016-05-30', '0.00', 308),
(309, '2016-05-30', '0.00', 309),
(310, '2016-05-30', '2640.00', 310),
(311, '2016-06-01', '0.00', 311),
(312, '2016-06-01', '0.00', 312),
(313, '2016-06-02', '155.00', 313),
(314, '2016-06-02', '0.00', 314),
(315, '2016-06-02', '0.00', 315),
(316, '2016-06-02', '0.00', 316),
(317, '2016-06-07', '0.00', 317),
(318, '2016-06-07', '0.00', 318),
(319, '2016-06-07', '0.00', 319),
(320, '2016-06-07', '0.00', 320),
(321, '2016-06-07', '0.00', 321),
(322, '2016-06-07', '0.00', 322),
(323, '2016-06-07', '0.00', 323),
(324, '2016-06-08', '0.00', 324),
(325, '2016-06-08', '0.00', 325),
(326, '2016-06-08', '312.00', 326),
(327, '2016-06-08', '6.00', 327),
(328, '2016-06-09', '0.00', 328),
(329, '2016-06-09', '0.00', 329),
(330, '2016-06-09', '31.00', 330),
(331, '2016-06-09', '0.00', 331),
(332, '2016-06-13', '0.00', 332),
(333, '2016-06-13', '0.00', 333),
(334, '2016-06-13', '0.00', 334),
(335, '2016-06-13', '0.00', 335),
(337, '2016-06-13', '60.00', 337),
(338, '2016-06-15', '0.00', 338),
(339, '2016-06-15', '0.00', 339),
(340, '2016-06-15', '300.00', 340),
(341, '2016-06-15', '12.00', 341),
(342, '2016-06-15', '85.00', 342),
(343, '2016-06-15', '0.00', 343),
(344, '2016-06-15', '0.00', 344),
(345, '2016-06-15', '10.00', 345),
(347, '2016-06-21', '118.00', 347),
(348, '2016-06-21', '0.00', 348),
(349, '2016-06-21', '0.00', 349),
(350, '2016-06-21', '70.00', 350),
(351, '2016-06-22', '0.00', 351),
(352, '2016-06-22', '0.00', 352),
(353, '2016-06-22', '516.00', 353),
(354, '2016-06-23', '0.00', 354),
(355, '2016-06-23', '0.00', 355),
(356, '2016-06-23', '0.00', 356),
(357, '2016-06-27', '208.00', 357),
(358, '2016-06-27', '0.00', 358),
(359, '2016-06-27', '0.00', 359),
(360, '2016-06-27', '0.00', 360),
(361, '2016-06-27', '2592.00', 361),
(362, '2016-06-29', '114.24', 362),
(363, '2016-06-29', '233.92', 363),
(364, '2016-06-29', '18.00', 364),
(365, '2016-06-30', '0.00', 365),
(366, '2016-06-30', '0.00', 366),
(367, '2016-06-30', '10.00', 367),
(369, '2016-07-04', '192.00', 369),
(370, '2016-07-04', '0.00', 370),
(371, '2016-07-04', '0.00', 371),
(372, '2016-07-04', '0.00', 372),
(373, '2016-07-04', '1584.00', 373),
(374, '2016-07-05', '0.00', 374),
(375, '2016-07-05', '0.00', 375),
(376, '2016-07-05', '39.00', 376),
(377, '2016-07-06', '10.00', 377),
(378, '2016-07-06', '0.00', 378),
(379, '2016-07-06', '0.00', 379),
(380, '2016-07-06', '0.00', 380),
(381, '2016-07-11', '152.00', 381),
(382, '2016-07-11', '0.00', 382),
(383, '2016-07-11', '0.00', 383),
(384, '2016-07-11', '0.00', 384),
(385, '2016-07-11', '2016.00', 385),
(386, '2016-07-11', '20.00', 386),
(387, '2016-07-13', '0.00', 387),
(388, '2016-07-13', '0.00', 388),
(389, '2016-07-13', '10.00', 389),
(390, '2016-07-14', '0.00', 390),
(391, '2016-07-14', '0.00', 391),
(392, '2016-07-14', '0.00', 392),
(393, '2016-07-18', '0.00', 393),
(394, '2016-07-18', '0.00', 394),
(395, '2016-07-18', '0.00', 395),
(396, '2016-07-18', '0.00', 396),
(397, '2016-07-18', '0.00', 397),
(398, '2016-07-18', '134.00', 398),
(399, '2016-07-20', '0.00', 399),
(400, '2016-07-20', '0.00', 400),
(401, '2016-07-20', '24.00', 401),
(402, '2016-07-21', '250.00', 402),
(403, '2016-07-21', '0.00', 403),
(404, '2016-07-21', '0.00', 404),
(405, '2016-07-21', '142.00', 405),
(406, '2016-07-21', '0.00', 406),
(407, '2016-07-25', '0.00', 407),
(408, '2016-07-25', '0.00', 408),
(409, '2016-07-25', '80.00', 409),
(410, '2016-07-25', '0.00', 410),
(411, '2016-07-25', '1092.00', 411),
(412, '2016-07-25', '0.00', 412),
(413, '2016-07-27', '0.00', 413),
(414, '2016-07-27', '0.00', 414),
(415, '2016-07-27', '60.00', 415),
(416, '2016-07-28', '165.00', 416),
(417, '2016-07-28', '0.00', 417),
(418, '2016-07-28', '0.00', 418),
(419, '2016-07-28', '0.00', 419),
(420, '2016-08-01', '16.00', 420),
(421, '2016-08-01', '0.00', 421),
(422, '2016-08-01', '0.00', 422),
(423, '2016-08-01', '0.00', 423),
(424, '2016-08-01', '0.00', 424),
(425, '2016-08-01', '1120.00', 425),
(426, '2016-08-03', '0.00', 426),
(427, '2016-08-03', '0.00', 427),
(428, '2016-08-03', '12.00', 428),
(429, '2016-08-04', '140.00', 429),
(430, '2016-08-04', '0.00', 430),
(431, '2016-08-04', '0.00', 431),
(432, '2016-08-04', '0.00', 432),
(433, '2016-08-08', '160.00', 433),
(434, '2016-08-08', '0.00', 434),
(435, '2016-08-08', '0.00', 435),
(436, '2016-08-08', '100.00', 436),
(437, '2016-08-08', '0.00', 437),
(438, '2016-08-08', '1320.00', 438),
(439, '2016-08-10', '0.00', 439),
(440, '2016-08-10', '0.00', 440),
(441, '2016-08-10', '36.00', 441),
(442, '2016-08-10', '36.00', 442),
(443, '2016-08-11', '0.00', 443),
(444, '2016-08-12', '0.00', 444),
(445, '2016-08-12', '0.00', 445),
(446, '2016-08-12', '0.00', 446),
(447, '2016-08-16', '232.00', 447),
(448, '2016-08-16', '0.00', 448),
(449, '2016-08-16', '0.00', 449),
(450, '2016-08-16', '220.00', 450),
(451, '2016-08-16', '0.00', 451),
(452, '2016-08-16', '0.00', 452),
(453, '2016-08-16', '0.00', 453),
(454, '2016-08-16', '948.00', 454),
(455, '2016-08-16', '36.00', 455),
(456, '2016-08-18', '0.00', 456),
(457, '2016-08-18', '0.00', 457),
(458, '2016-08-18', '0.00', 458),
(459, '2016-08-22', '0.00', 459),
(460, '2016-08-22', '0.00', 460),
(461, '2016-08-22', '0.00', 461),
(462, '2016-08-22', '100.00', 462),
(463, '2016-08-22', '0.00', 463),
(464, '2016-08-22', '1356.00', 464),
(465, '2016-08-24', '0.10', 465),
(466, '2016-08-24', '0.00', 466),
(467, '2016-08-24', '60.00', 467),
(468, '2016-08-24', '42.00', 468),
(469, '2016-08-26', '0.00', 469),
(470, '2016-08-26', '0.00', 470),
(471, '2016-08-26', '0.00', 471),
(472, '2016-08-29', '112.00', 472),
(473, '2016-08-29', '0.00', 473),
(474, '2016-08-29', '0.00', 474),
(475, '2016-08-29', '80.00', 475),
(476, '2016-08-29', '0.00', 476),
(477, '2016-08-29', '1884.00', 477),
(478, '2016-08-31', '0.00', 478),
(479, '2016-08-31', '0.00', 479),
(480, '2016-08-31', '36.00', 480),
(481, '2016-09-01', '0.00', 481),
(482, '2016-09-01', '0.00', 482),
(483, '2016-09-01', '0.00', 483),
(484, '2016-09-05', '176.00', 484),
(485, '2016-09-05', '0.00', 485),
(486, '2016-09-05', '0.00', 486),
(487, '2016-09-05', '0.00', 487),
(488, '2016-09-06', '0.00', 488),
(489, '2016-09-06', '0.00', 489),
(490, '2016-09-06', '276.00', 490),
(491, '2016-09-06', '24.00', 491),
(492, '2016-09-08', '0.00', 492),
(493, '2016-09-08', '0.00', 493),
(494, '2016-09-08', '0.00', 494),
(495, '2016-09-12', '144.00', 495),
(496, '2016-09-12', '0.00', 496),
(497, '2016-09-12', '0.00', 497),
(498, '2016-09-12', '40.00', 498),
(499, '2016-09-12', '0.00', 499),
(500, '2016-09-12', '0.00', 500),
(501, '2016-09-12', '1100.00', 501),
(502, '2016-09-14', '272.00', 502),
(503, '2016-09-14', '48.00', 503),
(504, '2016-09-15', '214.00', 504),
(505, '2016-09-15', '702.00', 505),
(506, '2016-09-19', '376.00', 506),
(507, '2016-09-19', '75.00', 507),
(508, '2016-09-19', '258.30', 508),
(509, '2016-09-19', '40.00', 509),
(510, '2016-09-19', '78.50', 510),
(511, '2016-09-21', '276.00', 511),
(512, '2016-09-21', '90.00', 512),
(513, '2016-09-22', '1391.00', 513),
(514, '2016-09-22', '214.00', 514),
(515, '2016-09-22', '779.00', 515),
(516, '2016-09-26', '232.00', 516),
(517, '2016-09-26', '100.00', 517),
(518, '2016-09-26', '130.30', 518),
(519, '2016-09-28', '76.16', 519),
(520, '2016-09-28', '228.48', 520),
(521, '2016-09-28', '60.00', 521),
(522, '2016-09-28', '12.00', 522),
(523, '2016-09-29', '1350.00', 523),
(524, '2016-09-29', '289.00', 524),
(525, '2016-09-29', '669.00', 525),
(526, '2016-10-03', '120.00', 526),
(527, '2016-10-03', '150.00', 527),
(528, '2016-10-03', '254.00', 528),
(529, '2016-10-03', '160.00', 529),
(530, '2016-10-03', '43.10', 530),
(531, '2016-10-03', '624.00', 531),
(532, '2016-10-03', '624.00', 532),
(533, '2016-10-05', '315.52', 533),
(534, '2016-10-05', '353.60', 534),
(535, '2016-10-05', '72.00', 535),
(536, '2016-10-06', '470.00', 536),
(537, '2016-10-06', '1350.00', 537),
(538, '2016-10-06', '239.00', 538),
(539, '2016-10-06', '725.00', 539),
(540, '2016-10-11', '64.00', 540),
(541, '2016-10-11', '75.00', 541),
(542, '2016-10-11', '250.00', 542),
(543, '2016-10-11', '140.00', 543),
(544, '2016-10-11', '62.10', 544),
(545, '2016-10-12', '315.52', 545),
(546, '2016-10-12', '391.68', 546),
(547, '2016-10-12', '60.00', 547),
(548, '2016-10-12', '12.00', 548),
(549, '2016-10-13', '730.00', 549),
(550, '2016-10-13', '1246.50', 550),
(551, '2016-10-13', '264.00', 551),
(552, '2016-10-13', '687.30', 552),
(553, '2016-10-17', '72.00', 553),
(554, '2016-10-17', '100.00', 554),
(555, '2016-10-17', '328.00', 555),
(556, '2016-10-17', '110.00', 556),
(557, '2016-10-17', '58.00', 557),
(558, '2016-10-17', '1356.00', 558),
(559, '2016-10-19', '212.16', 559),
(560, '2016-10-19', '288.32', 560),
(561, '2016-10-19', '48.00', 561),
(562, '2016-10-19', '24.00', 562),
(563, '2016-10-20', '70.00', 563),
(564, '2016-10-20', '1475.00', 564),
(565, '2016-10-20', '214.00', 565),
(566, '2016-10-20', '679.50', 566),
(568, '2016-10-24', '112.00', 568),
(569, '2016-10-24', '100.00', 569),
(570, '2016-10-24', '310.00', 570),
(571, '2016-10-24', '220.00', 571),
(572, '2016-10-25', '1376.32', 572),
(573, '2016-10-25', '163.20', 573),
(574, '2016-10-25', '132.00', 574),
(575, '2016-10-25', '24.00', 575),
(576, '2016-10-27', '60.00', 576),
(577, '2016-10-27', '1525.00', 577),
(578, '2016-10-27', '339.00', 578),
(579, '2016-10-27', '654.00', 579),
(580, '2016-10-31', '1000.96', 580),
(581, '2016-10-31', '24.00', 581),
(582, '2016-01-18', '0.00', 582),
(583, '2016-01-25', '0.00', 583),
(584, '2016-02-26', '0.00', 584),
(585, '2016-04-15', '0.00', 585),
(586, '2016-04-22', '0.00', 586),
(587, '2016-03-30', '0.00', 587),
(588, '2016-04-29', '0.00', 588),
(589, '2016-05-13', '0.00', 589),
(590, '2016-05-20', '0.00', 590),
(591, '2016-06-15', '0.00', 591),
(592, '2016-06-13', '0.00', 592),
(593, '2016-06-30', '0.00', 593),
(594, '2016-11-01', '120.00', 594),
(595, '2016-11-01', '100.00', 595),
(596, '2016-11-01', '275.00', 596),
(597, '2016-11-01', '170.00', 597),
(598, '2016-11-02', '223.04', 598),
(599, '2016-11-02', '391.68', 599),
(600, '2016-11-02', '36.00', 600),
(601, '2016-11-02', '12.00', 601),
(602, '2016-11-03', '120.00', 602),
(603, '2016-11-03', '1350.00', 603),
(604, '2016-11-03', '264.00', 604),
(605, '2016-11-03', '743.00', 605),
(606, '2016-11-07', '200.00', 606),
(607, '2016-11-07', '75.00', 607),
(608, '2016-11-07', '295.00', 608),
(609, '2016-11-07', '20.00', 609),
(610, '2016-11-07', '1776.00', 610),
(611, '2016-11-07', '96.00', 611),
(612, '2016-11-09', '304.64', 612),
(613, '2016-11-09', '391.68', 613),
(614, '2016-11-09', '540.00', 614),
(615, '2016-11-10', '20.00', 615),
(616, '2016-11-10', '1450.00', 616),
(617, '2016-11-10', '439.00', 617),
(618, '2016-11-10', '568.00', 618),
(619, '2016-11-14', '176.00', 619),
(620, '2016-11-14', '100.00', 620),
(621, '2016-11-14', '260.00', 621),
(622, '2016-11-14', '30.00', 622),
(623, '2016-11-14', '68.00', 623),
(624, '2016-11-14', '2280.00', 624),
(625, '2016-11-17', '480.00', 625),
(626, '2016-11-17', '1456.00', 626),
(627, '2016-11-17', '169.00', 627),
(628, '2016-11-17', '863.00', 628),
(629, '2016-11-21', '24.00', 629),
(630, '2016-11-21', '325.00', 630),
(631, '2016-11-21', '325.00', 631),
(632, '2016-11-21', '150.00', 632),
(633, '2016-11-21', '77.00', 633),
(634, '2016-11-21', '1476.00', 634),
(635, '2016-11-21', '18.00', 635),
(636, '2016-11-23', '255.68', 636),
(637, '2016-11-21', '391.68', 637),
(638, '2016-11-23', '24.00', 638),
(639, '2016-11-24', '1150.00', 639),
(640, '2016-11-24', '282.00', 640),
(641, '2016-11-24', '650.00', 641),
(642, '2016-11-29', '350.00', 642),
(643, '2016-11-29', '315.00', 643),
(644, '2016-11-29', '40.00', 644),
(645, '2016-11-29', '89.40', 645),
(646, '2016-11-29', '43.80', 646),
(647, '2016-11-29', '650.00', 647),
(648, '2016-11-29', '266.56', 648),
(650, '2016-11-29', '624.00', 650),
(651, '2016-11-30', '391.68', 651),
(652, '2016-11-30', '48.00', 652);

-- --------------------------------------------------------

--
-- Estructura de tabla para la tabla `procesos`
--

CREATE TABLE IF NOT EXISTS `procesos` (
  `idProceso` int(11) NOT NULL AUTO_INCREMENT,
  `idIngreso` int(11) NOT NULL,
  `tipoProceso` int(11) NOT NULL,
  `fecha` date NOT NULL,
  `cantidad` decimal(7,2) NOT NULL,
  PRIMARY KEY (`idProceso`),
  KEY `idLote` (`idIngreso`),
  KEY `tipoProceso` (`tipoProceso`)
) ENGINE=InnoDB  DEFAULT CHARSET=utf8 COLLATE=utf8_spanish2_ci AUTO_INCREMENT=653 ;

--
-- Volcado de datos para la tabla `procesos`
--

INSERT INTO `procesos` (`idProceso`, `idIngreso`, `tipoProceso`, `fecha`, `cantidad`) VALUES
(1, 1, 1, '2016-03-02', '114.24'),
(2, 1, 5, '2016-03-02', '206.72'),
(3, 1, 8, '2016-03-02', '48.00'),
(4, 20, 2, '2016-03-31', '130.00'),
(5, 20, 1, '2016-03-31', '1080.00'),
(6, 20, 3, '2016-03-31', '14.00'),
(7, 20, 2, '2016-03-31', '110.00'),
(8, 19, 1, '2016-03-30', '391.68'),
(9, 19, 5, '2016-03-30', '456.96'),
(10, 19, 8, '2016-03-30', '36.00'),
(12, 18, 2, '2016-03-28', '80.00'),
(13, 18, 1, '2016-03-28', '150.00'),
(14, 18, 3, '2016-03-28', '255.00'),
(15, 18, 7, '2016-03-28', '250.00'),
(16, 17, 8, '2016-03-28', '1188.00'),
(17, 16, 5, '2016-03-21', '223.04'),
(18, 16, 8, '2016-03-21', '876.00'),
(19, 16, 6, '2016-03-21', '48.00'),
(20, 16, 1, '2016-03-21', '108.80'),
(21, 15, 2, '2016-03-21', '184.00'),
(22, 15, 1, '2016-03-21', '75.00'),
(23, 15, 3, '2016-03-21', '285.20'),
(24, 15, 7, '2016-03-21', '240.00'),
(25, 15, 5, '2016-03-21', '113.90'),
(26, 14, 1, '2016-03-18', '869.00'),
(27, 14, 3, '2016-03-18', '739.00'),
(28, 13, 5, '2016-03-17', '919.00'),
(29, 12, 1, '2016-03-16', '1350.00'),
(30, 11, 1, '2016-03-16', '130.56'),
(31, 11, 5, '2016-03-16', '217.60'),
(32, 11, 8, '2016-03-16', '48.00'),
(33, 11, 7, '2016-03-16', '36.00'),
(34, 10, 2, '2016-03-14', '864.00'),
(35, 10, 3, '2016-03-14', '102.00'),
(36, 10, 7, '2016-03-14', '860.00'),
(37, 9, 1, '2016-03-14', '175.00'),
(38, 9, 3, '2016-03-14', '425.50'),
(39, 9, 5, '2016-03-14', '78.90'),
(40, 8, 2, '2016-03-11', '100.00'),
(41, 8, 3, '2016-03-11', '339.00'),
(42, 8, 5, '2016-03-11', '723.00'),
(43, 7, 1, '2016-03-10', '1270.00'),
(44, 6, 1, '2016-03-09', '125.12'),
(45, 6, 5, '2016-03-09', '212.16'),
(46, 6, 8, '2016-03-09', '24.00'),
(47, 5, 8, '2016-03-08', '1260.00'),
(48, 4, 2, '2016-03-08', '32.00'),
(49, 4, 1, '2016-03-08', '100.00'),
(50, 4, 3, '2016-03-08', '309.60'),
(51, 4, 7, '2016-03-08', '30.00'),
(52, 4, 5, '2016-03-08', '76.23'),
(53, 3, 1, '2016-03-04', '75.00'),
(54, 3, 3, '2016-03-04', '250.00'),
(55, 3, 5, '2016-03-04', '589.00'),
(56, 2, 2, '2016-03-03', '100.00'),
(57, 2, 1, '2016-03-03', '1150.00'),
(58, 2, 3, '2016-03-03', '14.00'),
(59, 21, 2, '2016-01-04', '136.00'),
(60, 21, 3, '2016-01-04', '605.10'),
(61, 21, 7, '2016-01-04', '180.00'),
(62, 21, 5, '2016-01-04', '110.00'),
(63, 22, 8, '2016-01-05', '1632.00'),
(64, 22, 7, '2016-01-05', '60.00'),
(67, 24, 1, '2016-01-06', '38.08'),
(68, 24, 5, '2016-01-06', '212.16'),
(69, 24, 7, '2016-01-06', '12.00'),
(70, 25, 2, '2016-01-07', '400.00'),
(71, 25, 1, '2016-01-07', '720.00'),
(72, 26, 2, '2016-01-08', '140.00'),
(73, 26, 3, '2016-01-08', '240.00'),
(74, 26, 7, '2016-01-08', '208.00'),
(75, 26, 5, '2016-01-08', '437.00'),
(76, 27, 2, '2016-01-11', '176.00'),
(77, 27, 3, '2016-01-11', '700.60'),
(78, 27, 5, '2016-01-11', '149.20'),
(79, 28, 8, '2016-01-11', '2028.00'),
(80, 28, 7, '2016-01-11', '42.00'),
(81, 29, 7, '2016-01-12', '230.00'),
(82, 30, 1, '2016-01-13', '141.44'),
(83, 30, 5, '2016-01-13', '212.16'),
(84, 30, 7, '2016-01-13', '12.00'),
(85, 31, 2, '2016-01-14', '200.00'),
(86, 31, 1, '2016-01-14', '825.00'),
(87, 31, 3, '2016-01-14', '120.00'),
(88, 32, 1, '2016-01-15', '50.00'),
(89, 32, 3, '2016-01-15', '212.00'),
(90, 32, 7, '2016-01-15', '26.00'),
(91, 32, 5, '2016-01-15', '600.00'),
(92, 33, 2, '2016-01-18', '128.00'),
(93, 33, 1, '2016-01-18', '50.00'),
(94, 33, 3, '2016-01-18', '629.80'),
(95, 34, 3, '2016-01-18', '22.60'),
(96, 34, 5, '2016-01-18', '396.00'),
(97, 35, 8, '2016-01-18', '948.00'),
(98, 36, 2, '2016-01-20', '216.00'),
(99, 36, 7, '2016-01-20', '940.00'),
(101, 37, 2, '2016-02-01', '392.00'),
(102, 37, 3, '2016-02-01', '688.80'),
(103, 37, 7, '2016-02-01', '590.00'),
(104, 37, 5, '2016-02-01', '126.30'),
(105, 38, 1, '2016-02-03', '92.48'),
(106, 38, 5, '2016-02-03', '212.16'),
(107, 38, 8, '2016-02-03', '432.00'),
(108, 38, 7, '2016-02-03', '48.00'),
(109, 39, 2, '2016-02-04', '510.00'),
(110, 39, 1, '2016-02-04', '575.00'),
(111, 40, 2, '2016-02-05', '215.00'),
(112, 40, 3, '2016-02-05', '325.00'),
(113, 40, 7, '2016-02-05', '117.00'),
(114, 40, 5, '2016-02-05', '350.00'),
(115, 41, 2, '2016-02-10', '136.00'),
(116, 41, 3, '2016-02-10', '301.00'),
(117, 41, 5, '2016-02-10', '77.00'),
(118, 42, 1, '2016-02-10', '103.36'),
(119, 42, 5, '2016-02-10', '212.16'),
(120, 42, 8, '2016-02-10', '1032.00'),
(121, 42, 7, '2016-02-10', '48.00'),
(122, 43, 2, '2016-02-11', '505.00'),
(123, 43, 1, '2016-02-11', '650.00'),
(124, 43, 3, '2016-02-11', '14.00'),
(125, 44, 3, '2016-02-12', '175.00'),
(126, 44, 7, '2016-02-12', '325.00'),
(127, 44, 5, '2016-02-12', '350.00'),
(128, 45, 2, '2016-02-15', '600.00'),
(129, 45, 1, '2016-02-15', '100.00'),
(130, 45, 3, '2016-02-15', '370.40'),
(131, 45, 7, '2016-02-15', '610.00'),
(132, 45, 5, '2016-02-15', '130.20'),
(133, 46, 1, '2016-02-17', '130.56'),
(134, 46, 5, '2016-02-17', '212.16'),
(135, 46, 8, '2016-02-17', '24.00'),
(136, 46, 7, '2016-02-17', '18.00'),
(137, 47, 2, '2016-02-18', '50.00'),
(138, 47, 1, '2016-02-18', '1000.00'),
(139, 47, 3, '2016-02-18', '80.00'),
(140, 48, 2, '2016-02-19', '490.00'),
(141, 48, 1, '2016-02-19', '50.00'),
(142, 48, 3, '2016-02-19', '289.00'),
(143, 48, 7, '2016-02-19', '52.00'),
(144, 48, 5, '2016-02-19', '425.00'),
(145, 49, 2, '2016-02-22', '200.00'),
(146, 49, 1, '2016-02-22', '150.00'),
(147, 49, 3, '2016-02-22', '150.00'),
(148, 50, 2, '2016-02-22', '152.00'),
(149, 50, 3, '2016-02-22', '140.50'),
(150, 50, 7, '2016-02-22', '220.00'),
(151, 50, 5, '2016-02-22', '192.00'),
(152, 51, 1, '2016-02-24', '114.24'),
(153, 51, 5, '2016-02-24', '217.60'),
(154, 51, 8, '2016-02-24', '48.00'),
(155, 52, 1, '2016-02-25', '1150.00'),
(156, 52, 3, '2016-02-25', '65.00'),
(157, 53, 2, '2016-02-26', '310.00'),
(158, 53, 1, '2016-02-26', '75.00'),
(159, 53, 3, '2016-02-26', '175.00'),
(161, 54, 2, '2016-02-29', '264.00'),
(162, 54, 1, '2016-02-29', '150.00'),
(163, 54, 3, '2016-02-29', '283.70'),
(164, 55, 3, '2016-02-29', '30.00'),
(165, 55, 7, '2016-02-29', '1110.00'),
(166, 56, 1, '2016-01-20', '81.60'),
(167, 56, 5, '2016-01-20', '212.16'),
(168, 57, 2, '2016-01-21', '325.00'),
(169, 57, 1, '2016-01-21', '850.00'),
(170, 57, 3, '2016-01-21', '80.00'),
(171, 58, 1, '2016-01-22', '50.00'),
(172, 58, 3, '2016-01-22', '225.00'),
(173, 58, 7, '2016-01-22', '130.00'),
(174, 58, 5, '2016-01-22', '400.00'),
(175, 59, 2, '2016-01-25', '144.00'),
(176, 59, 3, '2016-01-25', '623.60'),
(177, 59, 7, '2016-01-25', '70.00'),
(178, 59, 5, '2016-01-25', '126.30'),
(180, 61, 1, '2016-01-27', '108.80'),
(181, 61, 5, '2016-01-27', '212.16'),
(182, 62, 2, '2016-01-27', '440.00'),
(183, 62, 7, '2016-01-27', '500.00'),
(184, 63, 2, '2016-01-28', '480.00'),
(185, 63, 1, '2016-01-28', '900.00'),
(186, 64, 1, '2016-01-29', '75.00'),
(187, 64, 3, '2016-01-29', '275.00'),
(188, 64, 7, '2016-01-29', '13.00'),
(189, 64, 5, '2016-01-29', '425.00'),
(190, 65, 3, '2016-04-01', '225.00'),
(191, 65, 7, '2016-04-01', '500.00'),
(192, 65, 5, '2016-04-01', '400.00'),
(193, 66, 2, '2016-04-04', '232.00'),
(194, 66, 1, '2016-04-04', '50.00'),
(195, 66, 3, '2016-04-04', '177.30'),
(196, 66, 7, '2016-04-04', '420.00'),
(197, 67, 8, '2016-04-04', '1008.00'),
(198, 68, 1, '2016-04-06', '119.68'),
(199, 68, 5, '2016-04-06', '228.48'),
(200, 68, 7, '2016-04-06', '24.00'),
(201, 69, 2, '2016-04-07', '10.00'),
(202, 69, 1, '2016-04-07', '1200.00'),
(203, 69, 3, '2016-04-07', '14.00'),
(204, 69, 7, '2016-04-07', '205.00'),
(205, 69, 5, '2016-04-07', '4.60'),
(206, 70, 1, '2016-04-08', '50.00'),
(207, 70, 3, '2016-04-08', '250.00'),
(208, 70, 5, '2016-04-08', '825.00'),
(209, 71, 2, '2016-04-11', '712.00'),
(210, 71, 1, '2016-04-11', '100.00'),
(211, 71, 3, '2016-04-11', '100.00'),
(212, 72, 8, '2016-04-11', '972.00'),
(213, 73, 1, '2016-04-13', '146.88'),
(214, 73, 5, '2016-04-13', '228.48'),
(215, 73, 8, '2016-04-13', '180.00'),
(216, 74, 2, '2016-04-14', '190.00'),
(217, 74, 1, '2016-04-14', '1140.00'),
(218, 74, 3, '2016-04-14', '39.00'),
(219, 75, 3, '2016-04-15', '200.00'),
(220, 75, 7, '2016-04-15', '26.00'),
(222, 76, 2, '2016-04-15', '120.00'),
(223, 76, 1, '2016-04-15', '25.00'),
(224, 76, 3, '2016-04-15', '179.30'),
(225, 77, 8, '2016-04-18', '1848.00'),
(226, 78, 1, '2016-04-20', '130.56'),
(227, 78, 5, '2016-04-20', '233.92'),
(228, 78, 8, '2016-04-20', '216.00'),
(229, 78, 7, '2016-04-20', '54.00'),
(230, 79, 2, '2016-04-21', '100.00'),
(231, 79, 1, '2016-04-21', '1170.00'),
(232, 79, 3, '2016-04-21', '28.00'),
(233, 80, 3, '2016-04-22', '225.00'),
(234, 80, 7, '2016-04-22', '13.00'),
(236, 82, 2, '2016-04-25', '176.00'),
(237, 82, 1, '2016-04-25', '75.00'),
(238, 82, 3, '2016-04-25', '175.00'),
(239, 82, 7, '2016-04-25', '160.00'),
(240, 83, 7, '2016-04-25', '1480.00'),
(241, 84, 1, '2016-04-27', '125.12'),
(242, 84, 5, '2016-04-27', '233.92'),
(243, 84, 8, '2016-04-27', '132.00'),
(244, 84, 7, '2016-04-27', '6.00'),
(245, 85, 2, '2016-04-28', '70.00'),
(246, 85, 1, '2016-04-28', '1125.00'),
(247, 85, 3, '2016-04-28', '14.00'),
(248, 86, 3, '2016-04-29', '175.00'),
(250, 87, 2, '2016-05-02', '440.00'),
(251, 87, 1, '2016-05-02', '50.00'),
(252, 87, 3, '2016-05-02', '197.50'),
(253, 88, 2, '2016-05-02', '384.00'),
(254, 88, 7, '2016-05-02', '1040.00'),
(255, 89, 1, '2016-05-04', '125.12'),
(256, 89, 5, '2016-05-04', '233.92'),
(257, 89, 8, '2016-05-04', '48.00'),
(258, 90, 2, '2016-05-05', '20.00'),
(259, 90, 1, '2016-05-05', '1125.00'),
(260, 90, 3, '2016-05-05', '28.00'),
(261, 91, 3, '2016-05-06', '175.00'),
(262, 91, 5, '2016-05-06', '775.00'),
(263, 92, 2, '2016-05-09', '384.00'),
(264, 92, 1, '2016-05-09', '75.00'),
(265, 92, 3, '2016-05-09', '149.90'),
(266, 92, 7, '2016-05-09', '120.00'),
(267, 92, 5, '2016-05-09', '47.50'),
(268, 93, 1, '2016-05-11', '103.36'),
(269, 93, 5, '2016-05-11', '244.80'),
(270, 93, 8, '2016-05-11', '12.00'),
(271, 93, 7, '2016-05-11', '6.00'),
(272, 94, 2, '2016-05-12', '10.00'),
(273, 94, 1, '2016-05-12', '1125.00'),
(274, 94, 3, '2016-05-12', '28.00'),
(275, 95, 3, '2016-05-13', '250.00'),
(277, 96, 2, '2016-05-16', '208.00'),
(278, 96, 1, '2016-05-16', '75.00'),
(279, 96, 3, '2016-05-16', '141.00'),
(280, 96, 7, '2016-05-16', '20.00'),
(281, 96, 5, '2016-05-16', '34.10'),
(282, 97, 8, '2016-05-16', '1536.00'),
(283, 97, 7, '2016-05-16', '30.00'),
(284, 98, 1, '2016-05-18', '97.92'),
(285, 98, 5, '2016-05-18', '239.36'),
(286, 98, 8, '2016-05-18', '240.00'),
(287, 99, 1, '2016-05-19', '1171.00'),
(288, 99, 3, '2016-05-19', '28.00'),
(289, 100, 3, '2016-05-20', '300.00'),
(291, 101, 2, '2016-05-23', '320.00'),
(292, 101, 1, '2016-05-23', '50.00'),
(293, 101, 3, '2016-05-23', '150.00'),
(294, 101, 7, '2016-05-23', '90.00'),
(295, 102, 8, '2016-05-23', '792.00'),
(296, 102, 7, '2016-05-23', '264.00'),
(297, 103, 1, '2016-05-25', '119.68'),
(299, 103, 5, '2016-05-25', '228.48'),
(300, 103, 8, '2016-05-25', '828.00'),
(301, 104, 2, '2016-05-26', '15.00'),
(302, 104, 1, '2016-05-26', '1200.00'),
(303, 104, 3, '2016-05-26', '328.00'),
(304, 104, 7, '2016-05-26', '55.00'),
(305, 104, 5, '2016-05-26', '700.00'),
(306, 105, 2, '2016-05-30', '288.00'),
(307, 105, 1, '2016-05-30', '50.00'),
(308, 105, 3, '2016-05-30', '125.00'),
(309, 105, 5, '2016-05-30', '37.50'),
(310, 106, 8, '2016-05-30', '2640.00'),
(311, 107, 1, '2016-06-01', '27.20'),
(312, 107, 5, '2016-06-01', '272.00'),
(313, 108, 2, '2016-06-02', '155.00'),
(314, 108, 1, '2016-06-02', '1125.00'),
(315, 108, 3, '2016-06-02', '253.00'),
(316, 108, 5, '2016-06-02', '687.00'),
(317, 109, 2, '2016-06-07', '424.00'),
(318, 109, 1, '2016-06-07', '75.00'),
(319, 109, 3, '2016-06-07', '98.50'),
(320, 109, 5, '2016-06-07', '38.70'),
(321, 110, 2, '2016-06-07', '240.00'),
(322, 110, 3, '2016-06-07', '110.00'),
(323, 110, 7, '2016-06-07', '900.00'),
(324, 111, 1, '2016-06-08', '136.00'),
(325, 111, 5, '2016-06-08', '228.48'),
(326, 111, 8, '2016-06-08', '312.00'),
(327, 111, 7, '2016-06-08', '6.00'),
(328, 112, 1, '2016-06-09', '1185.00'),
(329, 112, 3, '2016-06-09', '264.00'),
(330, 112, 7, '2016-06-09', '135.00'),
(331, 112, 5, '2016-06-09', '625.00'),
(332, 113, 2, '2016-06-13', '280.00'),
(333, 113, 1, '2016-06-13', '50.00'),
(334, 113, 3, '2016-06-13', '120.00'),
(335, 113, 5, '2016-06-13', '37.50'),
(337, 114, 7, '2016-06-13', '1060.00'),
(338, 115, 1, '2016-06-15', '136.00'),
(339, 115, 5, '2016-06-15', '228.48'),
(340, 115, 8, '2016-06-15', '300.00'),
(341, 115, 7, '2016-06-15', '12.00'),
(342, 116, 2, '2016-06-15', '85.00'),
(343, 116, 1, '2016-06-15', '1300.00'),
(344, 116, 3, '2016-06-15', '264.00'),
(345, 116, 7, '2016-06-15', '10.00'),
(347, 117, 2, '2016-06-21', '168.00'),
(348, 117, 1, '2016-06-21', '75.00'),
(349, 117, 3, '2016-06-21', '125.70'),
(350, 117, 7, '2016-06-21', '80.00'),
(351, 118, 1, '2016-06-22', '108.80'),
(352, 118, 5, '2016-06-22', '233.92'),
(353, 118, 8, '2016-06-22', '516.00'),
(354, 119, 1, '2016-06-23', '1324.00'),
(355, 119, 3, '2016-06-23', '275.00'),
(356, 119, 5, '2016-06-23', '560.00'),
(357, 120, 2, '2016-06-27', '208.00'),
(358, 120, 1, '2016-06-27', '50.00'),
(359, 120, 3, '2016-06-27', '279.40'),
(360, 120, 5, '2016-06-27', '36.50'),
(361, 121, 8, '2016-06-27', '2592.00'),
(362, 122, 1, '2016-06-29', '114.24'),
(363, 122, 5, '2016-06-29', '233.92'),
(364, 122, 7, '2016-06-29', '18.00'),
(365, 123, 1, '2016-06-30', '1270.00'),
(366, 123, 3, '2016-06-30', '139.00'),
(367, 123, 7, '2016-06-30', '10.00'),
(369, 124, 2, '2016-07-04', '192.00'),
(370, 124, 1, '2016-07-04', '75.00'),
(371, 124, 3, '2016-07-04', '222.40'),
(372, 124, 5, '2016-07-04', '77.90'),
(373, 125, 8, '2016-07-04', '1584.00'),
(374, 126, 1, '2016-07-05', '65.28'),
(375, 126, 5, '2016-07-05', '233.92'),
(376, 126, 7, '2016-07-05', '75.00'),
(377, 127, 2, '2016-07-06', '10.00'),
(378, 127, 1, '2016-07-06', '1475.00'),
(379, 127, 3, '2016-07-06', '214.00'),
(380, 127, 5, '2016-07-06', '635.00'),
(381, 128, 2, '2016-07-11', '152.00'),
(382, 128, 1, '2016-07-11', '75.00'),
(383, 128, 3, '2016-07-11', '281.00'),
(384, 128, 5, '2016-07-11', '40.00'),
(385, 129, 8, '2016-07-11', '2016.00'),
(386, 129, 7, '2016-07-11', '20.00'),
(387, 130, 1, '2016-07-13', '76.16'),
(388, 130, 5, '2016-07-13', '233.92'),
(389, 130, 7, '2016-07-13', '10.00'),
(390, 131, 1, '2016-07-14', '1475.00'),
(391, 131, 3, '2016-07-14', '214.00'),
(392, 131, 5, '2016-07-14', '648.00'),
(393, 132, 2, '2016-07-18', '216.00'),
(394, 132, 1, '2016-07-18', '100.00'),
(395, 132, 3, '2016-07-18', '274.60'),
(396, 132, 5, '2016-07-18', '83.00'),
(397, 133, 3, '2016-07-18', '209.90'),
(398, 133, 7, '2016-07-18', '1100.00'),
(399, 134, 1, '2016-07-20', '114.24'),
(400, 134, 5, '2016-07-20', '228.48'),
(401, 134, 8, '2016-07-20', '24.00'),
(402, 135, 2, '2016-07-21', '250.00'),
(403, 135, 1, '2016-07-21', '1300.00'),
(404, 135, 3, '2016-07-21', '239.00'),
(405, 135, 7, '2016-07-21', '220.00'),
(406, 135, 5, '2016-07-21', '575.00'),
(407, 136, 1, '2016-07-25', '100.00'),
(408, 136, 3, '2016-07-25', '657.30'),
(409, 136, 7, '2016-07-25', '220.00'),
(410, 136, 5, '2016-07-25', '60.10'),
(411, 137, 8, '2016-07-25', '1092.00'),
(412, 137, 7, '2016-07-25', '60.00'),
(413, 138, 1, '2016-07-27', '92.48'),
(414, 138, 5, '2016-07-27', '228.48'),
(415, 138, 8, '2016-07-27', '60.00'),
(416, 139, 2, '2016-07-28', '625.00'),
(417, 139, 1, '2016-07-28', '1550.00'),
(418, 139, 3, '2016-07-28', '239.00'),
(419, 139, 5, '2016-07-28', '650.00'),
(420, 140, 2, '2016-08-01', '16.00'),
(421, 140, 1, '2016-08-01', '100.00'),
(422, 140, 3, '2016-08-01', '688.00'),
(423, 140, 5, '2016-08-01', '82.00'),
(424, 141, 3, '2016-08-01', '55.00'),
(425, 141, 7, '2016-08-01', '1340.00'),
(426, 142, 1, '2016-08-03', '70.72'),
(427, 142, 5, '2016-08-03', '255.68'),
(428, 142, 8, '2016-08-03', '12.00'),
(429, 143, 2, '2016-08-04', '140.00'),
(430, 143, 1, '2016-08-04', '1525.00'),
(431, 143, 3, '2016-08-04', '214.00'),
(432, 143, 5, '2016-08-04', '732.00'),
(433, 144, 2, '2016-08-08', '160.00'),
(434, 144, 1, '2016-08-08', '100.00'),
(435, 144, 3, '2016-08-08', '370.50'),
(436, 144, 7, '2016-08-08', '220.00'),
(437, 144, 5, '2016-08-08', '79.90'),
(438, 145, 8, '2016-08-08', '1320.00'),
(439, 146, 1, '2016-08-10', '21.76'),
(440, 146, 5, '2016-08-10', '282.88'),
(441, 146, 8, '2016-08-10', '36.00'),
(442, 146, 7, '2016-08-10', '36.00'),
(443, 147, 1, '2016-08-11', '1300.00'),
(444, 148, 1, '2016-08-12', '144.00'),
(445, 148, 3, '2016-08-12', '214.00'),
(446, 148, 5, '2016-08-12', '725.00'),
(447, 149, 2, '2016-08-16', '232.00'),
(448, 149, 1, '2016-08-16', '100.00'),
(449, 149, 3, '2016-08-16', '224.00'),
(450, 149, 7, '2016-08-16', '240.00'),
(451, 149, 5, '2016-08-16', '100.00'),
(452, 150, 1, '2016-08-16', '97.92'),
(453, 150, 5, '2016-08-16', '288.32'),
(454, 150, 8, '2016-08-16', '948.00'),
(455, 150, 7, '2016-08-16', '36.00'),
(456, 151, 1, '2016-08-18', '1475.00'),
(457, 151, 3, '2016-08-18', '214.00'),
(458, 151, 5, '2016-08-18', '800.00'),
(459, 152, 2, '2016-08-22', '232.00'),
(460, 152, 1, '2016-08-22', '75.00'),
(461, 152, 3, '2016-08-22', '314.10'),
(462, 152, 7, '2016-08-22', '100.00'),
(463, 152, 5, '2016-08-22', '96.30'),
(464, 153, 8, '2016-08-22', '1356.00'),
(465, 154, 1, '2016-08-24', '81.60'),
(466, 154, 5, '2016-08-24', '304.64'),
(467, 154, 8, '2016-08-24', '60.00'),
(468, 154, 7, '2016-08-24', '42.00'),
(469, 155, 1, '2016-08-26', '1145.00'),
(470, 155, 3, '2016-08-26', '339.00'),
(471, 155, 5, '2016-08-26', '698.00'),
(472, 156, 2, '2016-08-29', '176.00'),
(473, 156, 1, '2016-08-29', '125.00'),
(474, 156, 3, '2016-08-29', '303.00'),
(475, 156, 7, '2016-08-29', '80.00'),
(476, 156, 5, '2016-08-29', '82.10'),
(477, 157, 8, '2016-08-29', '1884.00'),
(478, 158, 1, '2016-08-31', '108.80'),
(479, 158, 5, '2016-08-31', '304.64'),
(480, 158, 7, '2016-08-31', '36.00'),
(481, 159, 1, '2016-09-01', '1400.00'),
(482, 159, 3, '2016-09-01', '289.00'),
(483, 159, 5, '2016-09-01', '725.00'),
(484, 160, 2, '2016-09-05', '176.00'),
(485, 160, 1, '2016-09-05', '75.00'),
(486, 160, 3, '2016-09-05', '203.00'),
(487, 160, 5, '2016-09-05', '101.00'),
(488, 161, 1, '2016-09-06', '81.60'),
(489, 161, 5, '2016-09-06', '315.52'),
(490, 161, 8, '2016-09-06', '276.00'),
(491, 161, 7, '2016-09-06', '24.00'),
(492, 162, 1, '2016-09-08', '1300.00'),
(493, 162, 3, '2016-09-08', '239.00'),
(494, 162, 5, '2016-09-08', '675.00'),
(495, 163, 2, '2016-09-12', '144.00'),
(496, 163, 1, '2016-09-12', '100.00'),
(497, 163, 3, '2016-09-12', '312.80'),
(498, 163, 7, '2016-09-12', '40.00'),
(499, 163, 5, '2016-09-12', '43.40'),
(500, 164, 3, '2016-09-12', '32.90'),
(501, 164, 7, '2016-09-12', '1100.00'),
(502, 165, 5, '2016-09-14', '272.00'),
(503, 165, 8, '2016-09-14', '48.00'),
(504, 166, 3, '2016-09-15', '214.00'),
(505, 166, 5, '2016-09-15', '702.00'),
(506, 167, 2, '2016-09-19', '376.00'),
(507, 167, 1, '2016-09-19', '75.00'),
(508, 167, 3, '2016-09-19', '258.30'),
(509, 167, 7, '2016-09-19', '40.00'),
(510, 167, 5, '2016-09-19', '78.50'),
(511, 168, 8, '2016-09-21', '276.00'),
(512, 168, 7, '2016-09-21', '90.00'),
(513, 169, 1, '2016-09-22', '1391.00'),
(514, 169, 3, '2016-09-22', '214.00'),
(515, 169, 5, '2016-09-22', '779.00'),
(516, 170, 2, '2016-09-26', '232.00'),
(517, 170, 1, '2016-09-26', '100.00'),
(518, 170, 3, '2016-09-26', '130.30'),
(519, 171, 1, '2016-09-28', '76.16'),
(520, 171, 5, '2016-09-28', '228.48'),
(521, 171, 8, '2016-09-28', '60.00'),
(522, 171, 7, '2016-09-28', '12.00'),
(523, 172, 1, '2016-09-29', '1350.00'),
(524, 172, 3, '2016-09-29', '289.00'),
(525, 172, 5, '2016-09-29', '669.00'),
(526, 173, 2, '2016-10-03', '120.00'),
(527, 173, 1, '2016-10-03', '150.00'),
(528, 173, 3, '2016-10-03', '254.00'),
(529, 173, 7, '2016-10-03', '160.00'),
(530, 173, 5, '2016-10-03', '43.10'),
(531, 174, 8, '2016-10-03', '624.00'),
(532, 174, 7, '2016-10-03', '624.00'),
(533, 175, 1, '2016-10-05', '315.52'),
(534, 175, 5, '2016-10-05', '353.60'),
(535, 175, 7, '2016-10-05', '72.00'),
(536, 176, 2, '2016-10-06', '470.00'),
(537, 176, 1, '2016-10-06', '1350.00'),
(538, 176, 3, '2016-10-06', '239.00'),
(539, 176, 5, '2016-10-06', '725.00'),
(540, 177, 2, '2016-10-11', '64.00'),
(541, 177, 1, '2016-10-11', '75.00'),
(542, 177, 3, '2016-10-11', '250.00'),
(543, 177, 7, '2016-10-11', '140.00'),
(544, 177, 5, '2016-10-11', '62.10'),
(545, 178, 1, '2016-10-12', '315.52'),
(546, 178, 5, '2016-10-12', '391.68'),
(547, 178, 8, '2016-10-12', '60.00'),
(548, 178, 7, '2016-10-12', '12.00'),
(549, 179, 2, '2016-10-13', '730.00'),
(550, 179, 1, '2016-10-13', '1246.50'),
(551, 179, 3, '2016-10-13', '264.00'),
(552, 179, 5, '2016-10-13', '687.30'),
(553, 180, 2, '2016-10-17', '72.00'),
(554, 180, 1, '2016-10-17', '100.00'),
(555, 180, 3, '2016-10-17', '328.00'),
(556, 180, 7, '2016-10-17', '110.00'),
(557, 180, 5, '2016-10-17', '58.00'),
(558, 181, 8, '2016-10-17', '1356.00'),
(559, 182, 1, '2016-10-19', '212.16'),
(560, 182, 5, '2016-10-19', '288.32'),
(561, 182, 8, '2016-10-19', '48.00'),
(562, 182, 7, '2016-10-19', '24.00'),
(563, 183, 2, '2016-10-20', '70.00'),
(564, 183, 1, '2016-10-20', '1475.00'),
(565, 183, 3, '2016-10-20', '214.00'),
(566, 183, 5, '2016-10-20', '679.50'),
(568, 184, 2, '2016-10-24', '112.00'),
(569, 184, 1, '2016-10-24', '100.00'),
(570, 184, 3, '2016-10-24', '310.00'),
(571, 184, 7, '2016-10-24', '220.00'),
(572, 185, 1, '2016-10-25', '1376.32'),
(573, 185, 5, '2016-10-25', '163.20'),
(574, 185, 8, '2016-10-25', '132.00'),
(575, 185, 7, '2016-10-25', '24.00'),
(576, 186, 2, '2016-10-27', '60.00'),
(577, 186, 1, '2016-10-27', '1525.00'),
(578, 186, 3, '2016-10-27', '339.00'),
(579, 186, 5, '2016-10-27', '654.00'),
(580, 187, 1, '2016-10-31', '1000.96'),
(581, 187, 7, '2016-10-31', '24.00'),
(582, 33, 5, '2016-01-18', '106.70'),
(583, 60, 8, '2016-01-25', '1200.00'),
(584, 53, 5, '2016-02-26', '400.00'),
(585, 75, 5, '2016-04-15', '825.00'),
(586, 80, 5, '2016-04-22', '795.00'),
(587, 19, 7, '2016-03-30', '36.00'),
(588, 86, 5, '2016-04-29', '869.70'),
(589, 95, 5, '2016-05-13', '717.00'),
(590, 100, 5, '2016-05-20', '696.00'),
(591, 116, 5, '2016-06-15', '650.00'),
(592, 114, 3, '2016-06-13', '96.00'),
(593, 123, 5, '2016-06-30', '650.00'),
(594, 188, 2, '2016-11-01', '120.00'),
(595, 188, 1, '2016-11-01', '100.00'),
(596, 188, 3, '2016-11-01', '275.00'),
(597, 188, 7, '2016-11-01', '170.00'),
(598, 189, 1, '2016-11-02', '223.04'),
(599, 189, 5, '2016-11-02', '391.68'),
(600, 189, 8, '2016-11-02', '36.00'),
(601, 189, 7, '2016-11-02', '12.00'),
(602, 190, 4, '2016-11-03', '120.00'),
(603, 190, 1, '2016-11-03', '1350.00'),
(604, 190, 3, '2016-11-03', '264.00'),
(605, 190, 5, '2016-11-03', '743.00'),
(606, 191, 2, '2016-11-07', '200.00'),
(607, 191, 1, '2016-11-07', '75.00'),
(608, 191, 3, '2016-11-07', '295.00'),
(609, 191, 7, '2016-11-07', '20.00'),
(610, 192, 8, '2016-11-07', '1776.00'),
(611, 192, 7, '2016-11-07', '96.00'),
(612, 193, 1, '2016-11-09', '304.64'),
(613, 193, 5, '2016-11-09', '391.68'),
(614, 193, 8, '2016-11-09', '540.00'),
(615, 194, 2, '2016-11-10', '20.00'),
(616, 194, 1, '2016-11-10', '1450.00'),
(617, 194, 3, '2016-11-10', '439.00'),
(618, 194, 5, '2016-11-10', '568.00'),
(619, 195, 2, '2016-11-14', '176.00'),
(620, 195, 1, '2016-11-14', '100.00'),
(621, 195, 3, '2016-11-14', '260.00'),
(622, 195, 7, '2016-11-14', '30.00'),
(623, 195, 5, '2016-11-14', '68.00'),
(624, 196, 8, '2016-11-14', '2280.00'),
(625, 197, 2, '2016-11-17', '480.00'),
(626, 197, 1, '2016-11-17', '1456.00'),
(627, 197, 3, '2016-11-17', '169.00'),
(628, 197, 5, '2016-11-17', '863.00'),
(629, 198, 2, '2016-11-21', '24.00'),
(630, 198, 1, '2016-11-21', '325.00'),
(631, 198, 3, '2016-11-21', '325.00'),
(632, 198, 7, '2016-11-21', '150.00'),
(633, 198, 5, '2016-11-21', '77.00'),
(634, 199, 8, '2016-11-21', '1476.00'),
(635, 199, 7, '2016-11-21', '18.00'),
(636, 200, 1, '2016-11-23', '255.68'),
(637, 200, 5, '2016-11-21', '391.68'),
(638, 200, 7, '2016-11-23', '24.00'),
(639, 201, 1, '2016-11-24', '1150.00'),
(640, 201, 3, '2016-11-24', '282.00'),
(641, 201, 5, '2016-11-24', '650.00'),
(642, 202, 3, '2016-11-29', '350.00'),
(643, 202, 1, '2016-11-29', '315.00'),
(644, 202, 7, '2016-11-29', '40.00'),
(645, 202, 5, '2016-11-29', '89.40'),
(646, 203, 3, '2016-11-29', '43.80'),
(647, 203, 7, '2016-11-29', '650.00'),
(648, 204, 1, '2016-11-29', '266.56'),
(650, 204, 8, '2016-11-29', '624.00'),
(651, 205, 5, '2016-11-30', '391.68'),
(652, 205, 8, '2016-11-30', '48.00');

-- --------------------------------------------------------

--
-- Estructura de tabla para la tabla `proveedores`
--

CREATE TABLE IF NOT EXISTS `proveedores` (
  `idProveedor` int(11) NOT NULL AUTO_INCREMENT,
  `nombre` varchar(50) CHARACTER SET latin1 NOT NULL,
  `direccion` varchar(50) CHARACTER SET latin1 DEFAULT NULL,
  `telefono` varchar(30) CHARACTER SET latin1 DEFAULT NULL,
  `correo` varchar(50) COLLATE utf8_spanish2_ci NOT NULL,
  PRIMARY KEY (`idProveedor`)
) ENGINE=InnoDB  DEFAULT CHARSET=utf8 COLLATE=utf8_spanish2_ci AUTO_INCREMENT=5 ;

--
-- Volcado de datos para la tabla `proveedores`
--

INSERT INTO `proveedores` (`idProveedor`, `nombre`, `direccion`, `telefono`, `correo`) VALUES
(1, 'Manila', 'Centro Cultivo Ruta 237 km 1571,9', '2944605915', 'info@manilapatagonia.com'),
(3, 'Truchas Bariloche', 'Centro Cultivo Ruta 237 km 1570', '0111564259497', 'truchasbariloche@gmail.com'),
(4, 'Truchas Sayhueque', 'Centro Cultivo Ruta 237 km 1567,6', '154501411', 'sayhuequetruchas@yahoo.com.ar');

-- --------------------------------------------------------

--
-- Estructura de tabla para la tabla `tiposprocesos`
--

CREATE TABLE IF NOT EXISTS `tiposprocesos` (
  `idTipoProceso` int(11) NOT NULL AUTO_INCREMENT,
  `descripcion` varchar(50) CHARACTER SET latin1 NOT NULL,
  PRIMARY KEY (`idTipoProceso`)
) ENGINE=InnoDB  DEFAULT CHARSET=utf8 COLLATE=utf8_spanish2_ci AUTO_INCREMENT=10 ;

--
-- Volcado de datos para la tabla `tiposprocesos`
--

INSERT INTO `tiposprocesos` (`idTipoProceso`, `descripcion`) VALUES
(1, 'Desespinada Fresca'),
(2, 'Desespinada Congelada'),
(3, 'Eviscerada Fresca'),
(4, 'Eviscerada Congelada'),
(5, 'Fileteada Fresca'),
(6, 'Fileteada Congelada'),
(7, 'Fileteada Congelada IQF'),
(8, 'Fileteada Congelada Block'),
(9, 'Sin Procesar');

-- --------------------------------------------------------

--
-- Estructura de tabla para la tabla `usuarios`
--

CREATE TABLE IF NOT EXISTS `usuarios` (
  `ID` int(9) unsigned NOT NULL AUTO_INCREMENT,
  `username` varchar(180) DEFAULT NULL,
  `password` varchar(180) DEFAULT NULL,
  `email` varchar(180) DEFAULT NULL,
  `id_extreme` varchar(180) DEFAULT NULL,
  `permisos` int(11) NOT NULL,
  PRIMARY KEY (`ID`)
) ENGINE=MyISAM  DEFAULT CHARSET=utf8 AUTO_INCREMENT=7 ;

--
-- Volcado de datos para la tabla `usuarios`
--

INSERT INTO `usuarios` (`ID`, `username`, `password`, `email`, `id_extreme`, `permisos`) VALUES
(1, 'mbenditti', '090c36e3bb39377468363197afb3e91b', 'matias@gmail.com.ar', NULL, 1),
(4, 'aslica', 'fdf169558242ee051cca1479770ebac3', 'agustina@manilapatagonia.com', NULL, 1),
(5, 'mslica', '0804048efcb1f0b3c2f18a4412b1016c', 'mariano@manilapatagonia.com', NULL, 0);

--
-- Restricciones para tablas volcadas
--

--
-- Filtros para la tabla `entregas`
--
ALTER TABLE `entregas`
  ADD CONSTRAINT `entregas_ibfk_4` FOREIGN KEY (`cliente`) REFERENCES `clientes` (`idCliente`);

--
-- Filtros para la tabla `ingresos`
--
ALTER TABLE `ingresos`
  ADD CONSTRAINT `ingresos_ibfk_1` FOREIGN KEY (`idLote`) REFERENCES `lotes` (`id_lote`);

--
-- Filtros para la tabla `lotes`
--
ALTER TABLE `lotes`
  ADD CONSTRAINT `lotes_ibfk_1` FOREIGN KEY (`proveedor`) REFERENCES `proveedores` (`idProveedor`) ON UPDATE CASCADE;

--
-- Filtros para la tabla `procesoenespera`
--
ALTER TABLE `procesoenespera`
  ADD CONSTRAINT `procesoenespera_ibfk_1` FOREIGN KEY (`idProceso`) REFERENCES `procesos` (`idProceso`) ON DELETE CASCADE ON UPDATE CASCADE;

--
-- Filtros para la tabla `procesos`
--
ALTER TABLE `procesos`
  ADD CONSTRAINT `procesos_ibfk_2` FOREIGN KEY (`tipoProceso`) REFERENCES `tiposprocesos` (`idTipoProceso`),
  ADD CONSTRAINT `procesos_ibfk_3` FOREIGN KEY (`idIngreso`) REFERENCES `ingresos` (`idIngreso`);

/*!40101 SET CHARACTER_SET_CLIENT=@OLD_CHARACTER_SET_CLIENT */;
/*!40101 SET CHARACTER_SET_RESULTS=@OLD_CHARACTER_SET_RESULTS */;
/*!40101 SET COLLATION_CONNECTION=@OLD_COLLATION_CONNECTION */;
