-- phpMyAdmin SQL Dump
-- version 4.6.4
-- https://www.phpmyadmin.net/
--
-- Servidor: 127.0.0.1
-- Tiempo de generación: 04-05-2017 a las 21:49:10
-- Versión del servidor: 5.7.14
-- Versión de PHP: 5.6.25

SET SQL_MODE = "NO_AUTO_VALUE_ON_ZERO";
SET time_zone = "+00:00";


/*!40101 SET @OLD_CHARACTER_SET_CLIENT=@@CHARACTER_SET_CLIENT */;
/*!40101 SET @OLD_CHARACTER_SET_RESULTS=@@CHARACTER_SET_RESULTS */;
/*!40101 SET @OLD_COLLATION_CONNECTION=@@COLLATION_CONNECTION */;
/*!40101 SET NAMES utf8mb4 */;

--
-- Base de datos: `psicultura`
--

-- --------------------------------------------------------

--
-- Estructura de tabla para la tabla `clientes`
--

CREATE TABLE `clientes` (
  `idCliente` int(11) NOT NULL,
  `nombre` varchar(50) CHARACTER SET latin1 NOT NULL,
  `direccion` varchar(50) CHARACTER SET latin1 DEFAULT NULL,
  `telefono` varchar(30) CHARACTER SET latin1 DEFAULT NULL,
  `correo` varchar(50) CHARACTER SET latin1 DEFAULT NULL
) ENGINE=InnoDB DEFAULT CHARSET=utf8 COLLATE=utf8_spanish2_ci;

--
-- Volcado de datos para la tabla `clientes`
--

INSERT INTO `clientes` (`idCliente`, `nombre`, `direccion`, `telefono`, `correo`) VALUES
(1, 'Truchas Bariloche', 'Centro Cultivo Ruta 237 km 1570', '0111564259497', 'truchasbariloche@gmail.com'),
(4, 'Truchas Sayhueque', 'Centro Cultivo Ruta 237 km 1567,6', '154501411', 'sayhuequetruchas@yahoo.com.ar'),
(5, 'Manila ', 'Ruta', '154605915', 'mariano@manilapatagonia.com'),
(6, 'Natural Trout', '5400 Laurel Ridge', '154605915', 'customerservice@naturaltroutllc.com'),
(7, 'Exquisiteces', 'Los Radales 635', '4425754', 'ulises@manilapatagonia.com');

-- --------------------------------------------------------

--
-- Estructura de tabla para la tabla `depositos`
--

CREATE TABLE `depositos` (
  `iDeposito` int(11) NOT NULL,
  `idProcesoEnEspera` int(11) NOT NULL,
  `fecha` date NOT NULL,
  `vencimiento` date NOT NULL,
  `cantidad` decimal(7,2) NOT NULL
) ENGINE=InnoDB DEFAULT CHARSET=utf8 COLLATE=utf8_spanish2_ci;

-- --------------------------------------------------------

--
-- Estructura de tabla para la tabla `entregas`
--

CREATE TABLE `entregas` (
  `idEntrega` int(11) NOT NULL,
  `cliente` int(11) NOT NULL,
  `fichaExpedicion` varchar(15) CHARACTER SET latin1 NOT NULL,
  `iDeposito` int(11) DEFAULT NULL,
  `idProcesoEnEspera` int(11) NOT NULL,
  `cantidad` decimal(7,2) NOT NULL,
  `fecha` date NOT NULL
) ENGINE=InnoDB DEFAULT CHARSET=utf8 COLLATE=utf8_spanish2_ci;

--
-- Volcado de datos para la tabla `entregas`
--

INSERT INTO `entregas` (`idEntrega`, `cliente`, `fichaExpedicion`, `iDeposito`, `idProcesoEnEspera`, `cantidad`, `fecha`) VALUES
(1, 4, '1', NULL, 23, '156.40', '2016-03-21'),
(2, 4, '1', NULL, 23, '101.90', '2016-03-28'),
(3, 4, '1', NULL, 22, '75.00', '2016-03-21'),
(4, 4, '1', NULL, 25, '107.00', '2016-03-21'),
(5, 4, '1878', NULL, 14, '100.00', '2016-03-28'),
(6, 4, '1876', NULL, 34, '96.00', '2016-03-18'),
(7, 4, '1875', NULL, 34, '360.00', '2016-03-18'),
(8, 4, '1873', NULL, 35, '39.00', '2016-03-15'),
(9, 4, '1872', NULL, 38, '256.60', '2016-03-14'),
(10, 1, '1871', NULL, 41, '100.00', '2016-03-11'),
(11, 1, '1871', NULL, 42, '50.00', '2016-03-11'),
(12, 1, '1870', NULL, 41, '239.00', '2016-03-11'),
(13, 1, '1870', NULL, 42, '600.00', '2016-03-11'),
(14, 1, '1871', NULL, 43, '420.00', '2016-03-11'),
(15, 4, '1868', NULL, 50, '100.00', '2016-03-08'),
(16, 4, '1868', NULL, 52, '76.23', '2016-03-08'),
(17, 4, '1901', NULL, 14, '155.00', '2016-03-28'),
(18, 4, '1901', NULL, 13, '150.00', '2016-03-28'),
(19, 4, '1900', NULL, 36, '420.00', '2016-03-23'),
(20, 4, '1900', NULL, 34, '96.00', '2016-03-23'),
(21, 4, '1899', NULL, 51, '30.00', '2016-03-22'),
(22, 1, '1894', NULL, 28, '869.00', '2016-03-18'),
(23, 1, '1895/1894', NULL, 27, '739.00', '2016-03-18'),
(24, 1, '1895', NULL, 26, '869.00', '2016-03-18'),
(25, 1, '1894', NULL, 29, '1350.00', '2016-03-18'),
(26, 4, '1891', NULL, 34, '160.00', '2016-03-18'),
(27, 4, '1891', NULL, 36, '440.00', '2016-03-18'),
(28, 4, '1888', NULL, 38, '27.10', '2016-03-14'),
(29, 4, '1887', NULL, 37, '175.00', '2016-03-14'),
(30, 4, '1886', NULL, 39, '78.90', '2016-03-14'),
(31, 4, '1887', NULL, 38, '141.80', '2016-03-14'),
(32, 1, '1884/1883', NULL, 55, '589.00', '2016-03-04'),
(35, 1, '1884', NULL, 53, '75.00', '2016-03-04'),
(36, 1, '1883/4', NULL, 57, '1150.00', '2016-03-04'),
(37, 1, '1883', NULL, 58, '14.00', '2016-03-04'),
(38, 5, '296', NULL, 1, '114.24', '2016-03-04'),
(39, 5, '296', NULL, 2, '206.72', '2016-03-04'),
(40, 5, '297', NULL, 44, '125.12', '2016-03-11'),
(41, 5, '297', NULL, 45, '212.16', '2016-03-11'),
(42, 5, '298', NULL, 30, '130.56', '2016-03-18'),
(43, 5, '298', NULL, 31, '217.60', '2016-03-18'),
(44, 5, '299', NULL, 17, '223.04', '2016-03-23'),
(45, 5, '299', NULL, 20, '108.80', '2016-03-23'),
(46, 5, '300', NULL, 8, '391.68', '2016-04-01'),
(47, 5, '300', NULL, 9, '456.96', '2016-04-01'),
(48, 5, '305', NULL, 3, '48.00', '2016-04-25'),
(49, 5, '305', NULL, 47, '1260.00', '2016-04-25'),
(50, 5, '305', NULL, 46, '24.00', '2016-04-25'),
(51, 5, '305', NULL, 32, '48.00', '2016-04-25'),
(52, 5, '305', NULL, 18, '876.00', '2016-04-25'),
(53, 5, '305', NULL, 16, '1188.00', '2016-04-25'),
(54, 5, '305', NULL, 10, '36.00', '2016-04-25'),
(55, 4, '1902', NULL, 34, '128.00', '2016-04-01'),
(56, 1, '1904/5', NULL, 5, '1080.00', '2016-04-01'),
(57, 1, '1905', NULL, 6, '14.00', '2016-04-01'),
(58, 4, '1', NULL, 60, '605.10', '2016-01-04'),
(59, 4, '1', NULL, 62, '110.00', '2016-01-04'),
(60, 1, '4', NULL, 75, '437.00', '2016-01-09'),
(61, 1, '4', NULL, 73, '240.00', '2016-01-09'),
(62, 4, '4', NULL, 61, '80.00', '2016-01-09'),
(63, 1, '4', NULL, 71, '720.00', '2016-01-09'),
(64, 4, '6', NULL, 59, '120.00', '2016-01-12'),
(65, 1, '7', NULL, 87, '120.00', '2016-01-14'),
(66, 4, '9', NULL, 61, '70.00', '2015-01-16'),
(67, 1, '9', NULL, 91, '600.00', '2016-01-16'),
(68, 4, '10', NULL, 94, '629.80', '2016-01-18'),
(69, 4, '11', NULL, 93, '50.00', '2016-01-19'),
(70, 4, '10', NULL, 582, '106.70', '2016-01-18'),
(71, 4, '10', NULL, 76, '8.00', '2016-01-18'),
(74, 4, '11', NULL, 76, '120.00', '2016-01-19'),
(75, 4, '11', NULL, 61, '30.00', '2016-01-19'),
(76, 4, '11', NULL, 81, '190.00', '2016-01-19'),
(77, 1, '12', NULL, 74, '13.00', '2016-01-21'),
(78, 1, '12', NULL, 170, '80.00', '2016-01-21'),
(79, 1, '13', NULL, 172, '225.00', '2016-01-22'),
(80, 1, '13', NULL, 174, '400.00', '2016-01-22'),
(82, 1, '13', NULL, 169, '850.00', '2016-01-22'),
(83, 4, '15', NULL, 99, '100.00', '2016-01-25'),
(84, 4, '15', NULL, 176, '623.60', '2016-01-25'),
(85, 4, '15', NULL, 178, '126.30', '2016-01-25'),
(86, 4, '16', NULL, 99, '620.00', '2016-01-27'),
(87, 4, '16', NULL, 98, '72.00', '2016-01-27'),
(88, 4, '5', NULL, 77, '700.60', '2016-01-11'),
(89, 4, '5', NULL, 78, '149.20', '2016-01-11'),
(90, 6, '8', NULL, 82, '141.44', '2016-01-15'),
(91, 6, '8', NULL, 83, '212.16', '2016-01-15'),
(92, 1, '9', NULL, 86, '825.00', '2016-01-16'),
(93, 1, '9', NULL, 89, '212.00', '2016-01-16'),
(94, 1, '9', NULL, 88, '50.00', '2016-01-16'),
(95, 4, '11', NULL, 96, '396.00', '2016-01-19'),
(96, 4, '10', NULL, 95, '22.60', '2016-01-18'),
(97, 4, '16', NULL, 76, '48.00', '2016-01-27'),
(98, 6, '17', NULL, 180, '108.80', '2016-01-29'),
(99, 6, '17', NULL, 181, '212.16', '2016-01-29'),
(100, 1, '18', NULL, 185, '900.00', '2016-01-30'),
(101, 1, '18', NULL, 186, '75.00', '2016-01-30'),
(102, 1, '18', NULL, 187, '275.00', '2016-01-30'),
(103, 1, '18', NULL, 189, '425.00', '2016-01-30'),
(104, 4, '19', NULL, 102, '688.80', '2016-02-01'),
(105, 4, '19', NULL, 104, '126.30', '2016-02-01'),
(106, 6, '21', NULL, 105, '92.48', '2016-02-05'),
(107, 6, '21', NULL, 106, '212.16', '2016-02-05'),
(108, 1, '21', NULL, 110, '575.00', '2016-02-05'),
(109, 1, '21', NULL, 112, '325.00', '2016-02-05'),
(110, 1, '21', NULL, 114, '350.00', '2016-02-05'),
(111, 4, '22', NULL, 116, '301.00', '2016-02-10'),
(112, 4, '22', NULL, 117, '77.00', '2016-02-10'),
(113, 6, '24', NULL, 118, '103.36', '2016-02-12'),
(114, 6, '24', NULL, 119, '212.16', '2016-02-12'),
(115, 1, '25', NULL, 123, '650.00', '2016-02-13'),
(116, 1, '25', NULL, 124, '14.00', '2016-02-13'),
(117, 1, '25', NULL, 125, '175.00', '2016-02-13'),
(118, 1, '25', NULL, 127, '350.00', '2016-02-13'),
(119, 4, '26', NULL, 129, '100.00', '2016-02-15'),
(121, 4, '26', NULL, 132, '130.20', '2016-02-15'),
(122, 4, '26', NULL, 130, '347.40', '2016-02-15'),
(123, 4, '27', NULL, 130, '23.00', '2016-02-16'),
(124, 1, '28', NULL, 139, '80.00', '2016-02-18'),
(125, 6, '29', NULL, 133, '130.56', '2016-02-19'),
(126, 6, '29', NULL, 134, '212.16', '2016-02-19'),
(127, 6, '30', NULL, 583, '1200.00', '2016-02-17'),
(128, 6, '30', NULL, 63, '1632.00', '2016-02-17'),
(129, 6, '30', NULL, 79, '2028.00', '2016-02-17'),
(130, 6, '30', NULL, 97, '948.00', '2016-02-17'),
(131, 6, '30', NULL, 107, '432.00', '2016-02-17'),
(132, 6, '30', NULL, 120, '1032.00', '2016-02-17'),
(133, 4, '31', NULL, 128, '352.00', '2016-02-19'),
(134, 1, '31', NULL, 74, '78.00', '2016-02-19'),
(135, 1, '32', NULL, 138, '1000.00', '2016-02-20'),
(136, 1, '32', NULL, 141, '50.00', '2016-02-20'),
(137, 1, '32', NULL, 144, '425.00', '2016-02-20'),
(138, 1, '32', NULL, 142, '289.00', '2016-02-20'),
(139, 4, '33', NULL, 147, '150.00', '2016-02-22'),
(140, 4, '33', NULL, 146, '150.00', '2016-02-22'),
(141, 4, '33', NULL, 149, '140.50', '2016-02-22'),
(142, 4, '33', NULL, 151, '192.00', '2016-02-22'),
(143, 1, '35', NULL, 109, '400.00', '2016-02-24'),
(144, 1, '35', NULL, 111, '215.00', '2016-02-24'),
(145, 1, '35', NULL, 122, '505.00', '2016-02-24'),
(146, 1, '35', NULL, 137, '50.00', '2016-02-24'),
(147, 1, '35', NULL, 140, '350.00', '2016-02-24'),
(148, 1, '35', NULL, 74, '80.00', '2016-02-24'),
(149, 1, '36', NULL, 156, '65.00', '2016-02-25'),
(150, 6, '37', NULL, 153, '217.60', '2016-02-26'),
(151, 6, '37', NULL, 152, '114.24', '2016-02-26'),
(152, 4, '38', NULL, 148, '152.00', '2016-02-27'),
(154, 4, '38', NULL, 131, '40.00', '2016-02-27'),
(155, 4, '38', NULL, 128, '176.00', '2016-02-27'),
(156, 4, '38', NULL, 145, '112.00', '2016-02-27'),
(157, 1, '38', NULL, 155, '1150.00', '2016-02-27'),
(158, 1, '38', NULL, 158, '75.00', '2016-02-27'),
(159, 1, '38', NULL, 584, '400.00', '2016-02-27'),
(160, 1, '38', NULL, 159, '175.00', '2016-02-27'),
(161, 4, '39', NULL, 162, '150.00', '2016-02-29'),
(162, 4, '39', NULL, 163, '283.70', '2016-02-29'),
(163, 4, '40', NULL, 164, '30.00', '2016-03-01'),
(164, 4, '40', NULL, 150, '180.00', '2016-03-01'),
(165, 1, '41', NULL, 126, '325.00', '2016-03-03'),
(166, 1, '41', NULL, 113, '117.00', '2016-03-03'),
(167, 1, '41', NULL, 143, '52.00', '2016-03-03'),
(168, 4, '42', NULL, 165, '600.00', '2016-03-04'),
(169, 4, '42', NULL, 145, '88.00', '2016-03-04'),
(170, 4, '42', NULL, 161, '112.00', '2016-03-04'),
(171, 1, '47', NULL, 42, '73.00', '2016-03-12'),
(172, 4, '47', NULL, 182, '240.00', '2016-03-12'),
(173, 4, '49', NULL, 35, '63.00', '2016-03-15'),
(174, 4, '50', NULL, 165, '200.00', '2016-03-17'),
(175, 1, '50', NULL, 140, '90.00', '2016-03-17'),
(176, 1, '52', NULL, 28, '50.00', '2016-03-19'),
(177, 1, '52', NULL, 140, '50.00', '2016-03-19'),
(178, 5, '1', NULL, 25, '6.90', '2016-03-21'),
(179, 4, '53', NULL, 23, '26.90', '2016-03-21'),
(180, 4, '44', NULL, 49, '100.00', '2016-03-08'),
(181, 4, '44', NULL, 50, '209.60', '2016-03-08'),
(182, 1, '47', NULL, 43, '850.00', '2016-03-12'),
(183, 4, '57', NULL, 15, '100.00', '2016-04-01'),
(184, 4, '57', NULL, 24, '240.00', '2016-04-01'),
(185, 1, '58', NULL, 157, '100.00', '2016-04-02'),
(186, 1, '58', NULL, 190, '225.00', '2016-04-02'),
(187, 1, '58', NULL, 192, '400.00', '2016-04-02'),
(188, 4, '59', NULL, 194, '50.00', '2016-04-04'),
(189, 4, '59', NULL, 195, '177.30', '2016-04-04'),
(190, 6, '60', NULL, 199, '228.48', '2016-04-08'),
(191, 6, '60', NULL, 198, '119.68', '2016-04-08'),
(192, 4, '60', NULL, 196, '210.00', '2016-04-08'),
(193, 4, '60', NULL, 15, '150.00', '2016-04-08'),
(195, 4, '60', NULL, 12, '80.00', '2016-04-08'),
(196, 4, '60', NULL, 21, '80.00', '2016-04-08'),
(197, 1, '61', NULL, 202, '1200.00', '2016-04-09'),
(198, 1, '61', NULL, 203, '14.00', '2016-04-09'),
(199, 1, '61', NULL, 205, '4.60', '2016-04-09'),
(200, 1, '61', NULL, 206, '50.00', '2016-04-09'),
(201, 1, '61', NULL, 207, '250.00', '2016-04-09'),
(202, 1, '61', NULL, 208, '825.00', '2016-04-09'),
(203, 4, '62', NULL, 210, '100.00', '2016-04-11'),
(204, 4, '62', NULL, 211, '100.00', '2016-04-11'),
(205, 6, '64', NULL, 213, '146.88', '2016-04-15'),
(206, 6, '64', NULL, 214, '228.48', '2016-04-15'),
(207, 1, '64', NULL, 219, '160.00', '2016-04-15'),
(208, 1, '65', NULL, 585, '825.00', '2016-04-16'),
(209, 1, '65', NULL, 219, '40.00', '2016-04-15'),
(210, 1, '65', NULL, 218, '39.00', '2016-04-16'),
(211, 1, '65', NULL, 217, '1140.00', '2016-04-16'),
(212, 4, '65', NULL, 21, '104.00', '2016-04-16'),
(214, 4, '65', NULL, 193, '208.00', '2016-04-16'),
(215, 4, '65', NULL, 196, '50.00', '2016-04-16'),
(216, 4, '66', NULL, 223, '25.00', '2016-04-18'),
(217, 4, '66', NULL, 224, '179.30', '2016-04-18'),
(218, 4, '67', NULL, 196, '160.00', '2016-04-21'),
(219, 4, '67', NULL, 209, '64.00', '2016-04-21'),
(220, 6, '68', NULL, 226, '130.56', '2016-04-22'),
(221, 6, '68', NULL, 227, '233.92', '2016-04-22'),
(222, 4, '69', NULL, 209, '96.00', '2016-04-22'),
(223, 1, '70', NULL, 231, '1170.00', '2016-04-23'),
(224, 1, '70', NULL, 232, '28.00', '2016-04-23'),
(225, 1, '70', NULL, 586, '795.00', '2016-04-23'),
(226, 1, '70', NULL, 233, '225.00', '2016-04-23'),
(227, 4, '71', NULL, 237, '75.00', '2016-04-25'),
(228, 4, '71', NULL, 238, '175.00', '2016-04-25'),
(229, 6, '71', NULL, 135, '24.00', '2016-04-25'),
(230, 6, '71', NULL, 154, '48.00', '2016-04-25'),
(231, 6, '71', NULL, 197, '1008.00', '2016-04-04'),
(233, 6, '71', NULL, 215, '180.00', '2016-04-25'),
(234, 6, '71', NULL, 225, '1848.00', '2016-04-25'),
(235, 6, '71', NULL, 228, '216.00', '2016-04-25'),
(236, 6, '72', NULL, 241, '125.12', '2016-04-29'),
(238, 4, '72', NULL, 240, '150.00', '2016-04-29'),
(239, 1, '72', NULL, 204, '52.00', '2016-04-29'),
(241, 1, '72', NULL, 234, '13.00', '2016-04-29'),
(242, 4, '73', NULL, 240, '80.00', '2016-04-30'),
(243, 4, '73', NULL, 209, '384.00', '2016-04-30'),
(244, 1, '73', NULL, 246, '1125.00', '2016-04-30'),
(245, 1, '73', NULL, 247, '14.00', '2016-04-30'),
(246, 1, '73', NULL, 248, '175.00', '2016-04-30'),
(248, 1, '73', NULL, 588, '869.70', '2016-04-30'),
(249, 4, '74', NULL, 252, '197.50', '2016-05-02'),
(250, 4, '74', NULL, 251, '50.00', '2016-05-02'),
(251, 7, '74', NULL, 64, '30.00', '2016-05-02'),
(252, 6, '76', NULL, 255, '125.12', '2016-05-06'),
(253, 6, '76', NULL, 256, '233.92', '2016-05-06'),
(254, 1, '77', NULL, 259, '1125.00', '2016-05-07'),
(255, 1, '77', NULL, 260, '28.00', '2016-05-07'),
(256, 1, '77', NULL, 261, '175.00', '2016-05-07'),
(257, 1, '77', NULL, 262, '775.00', '2016-05-07'),
(258, 4, '78', NULL, 264, '75.00', '2016-05-09'),
(259, 4, '78', NULL, 265, '149.90', '2016-05-09'),
(260, 4, '78', NULL, 267, '47.50', '2016-05-09'),
(261, 6, '79', NULL, 268, '103.36', '2016-05-13'),
(262, 6, '79', NULL, 269, '244.80', '2016-05-13'),
(263, 4, '80', NULL, 266, '50.00', '2016-05-12'),
(264, 4, '80', NULL, 236, '120.00', '2016-05-12'),
(265, 1, '81', NULL, 589, '717.00', '2016-05-14'),
(266, 1, '81', NULL, 275, '250.00', '2016-05-14'),
(267, 1, '81', NULL, 273, '1125.00', '2016-05-13'),
(268, 1, '81', NULL, 274, '28.00', '2016-05-14'),
(269, 4, '82', NULL, 278, '75.00', '2016-05-16'),
(270, 4, '82', NULL, 279, '141.00', '2016-05-16'),
(271, 4, '82', NULL, 281, '34.10', '2016-05-16'),
(272, 4, '83', NULL, 266, '70.00', '2016-05-18'),
(273, 6, '84', NULL, 284, '97.92', '2016-05-20'),
(274, 6, '84', NULL, 285, '239.36', '2016-05-20'),
(275, 1, '85', NULL, 287, '1171.00', '2016-05-21'),
(276, 1, '85', NULL, 288, '28.00', '2016-05-21'),
(277, 1, '85', NULL, 289, '300.00', '2016-05-21'),
(278, 1, '85', NULL, 590, '696.00', '2016-05-21'),
(279, 4, '86', NULL, 292, '50.00', '2016-05-23'),
(280, 4, '86', NULL, 293, '150.00', '2016-05-23'),
(281, 7, '86', NULL, 64, '30.00', '2016-05-23'),
(282, 4, '87', NULL, 294, '80.00', '2016-05-27'),
(284, 6, '87', NULL, 297, '119.68', '2016-05-27'),
(285, 1, '88', NULL, 302, '1200.00', '2016-05-28'),
(286, 1, '88', NULL, 303, '328.00', '2016-05-28'),
(287, 1, '88', NULL, 305, '700.00', '2016-05-28'),
(288, 4, '89', NULL, 307, '50.00', '2016-05-30'),
(289, 1, '89', NULL, 308, '125.00', '2016-05-30'),
(290, 1, '89', NULL, 309, '37.50', '2016-05-30'),
(291, 4, '90', NULL, 236, '8.00', '2016-06-03'),
(292, 4, '90', NULL, 240, '10.00', '2016-06-03'),
(293, 4, '90', NULL, 254, '340.00', '2016-06-03'),
(294, 4, '90', NULL, 263, '72.00', '2016-06-03'),
(295, 6, '90', NULL, 311, '27.20', '2016-06-03'),
(296, 6, '90', NULL, 312, '272.00', '2016-06-03'),
(297, 1, '91', NULL, 236, '24.00', '2016-06-04'),
(298, 4, '91', NULL, 250, '296.00', '2016-06-04'),
(299, 1, '1', NULL, 201, '10.00', '2016-06-04'),
(300, 1, '1', NULL, 216, '90.00', '2016-06-04'),
(301, 1, '1', NULL, 316, '687.00', '2016-06-04'),
(302, 1, '1', NULL, 314, '1125.00', '2016-06-04'),
(303, 1, '1', NULL, 315, '253.00', '2016-06-04'),
(304, 4, '2', NULL, 319, '98.50', '2016-06-07'),
(305, 4, '2', NULL, 318, '75.00', '2016-06-07'),
(306, 4, '2', NULL, 320, '38.70', '2016-06-07'),
(307, 7, '3', NULL, 244, '6.00', '2016-06-08'),
(308, 1, '4', NULL, 331, '625.00', '2016-06-11'),
(309, 1, '4', NULL, 328, '1185.00', '2016-06-11'),
(310, 1, '4', NULL, 329, '264.00', '2016-06-11'),
(311, 4, '5', NULL, 335, '37.50', '2016-06-13'),
(312, 4, '5', NULL, 334, '120.00', '2016-06-13'),
(313, 4, '5', NULL, 333, '50.00', '2016-06-13'),
(314, 6, '7', NULL, 338, '136.00', '2016-06-16'),
(315, 6, '7', NULL, 339, '228.48', '2016-06-16'),
(316, 1, '8', NULL, 344, '264.00', '2016-06-18'),
(317, 1, '8', NULL, 343, '1300.00', '2016-06-18'),
(318, 1, '8', NULL, 591, '650.00', '2016-06-18'),
(319, 4, '9', NULL, 280, '20.00', '2016-06-21'),
(320, 4, '9', NULL, 323, '130.00', '2016-06-21'),
(321, 4, '9', NULL, 349, '125.70', '2016-06-21'),
(322, 4, '9', NULL, 348, '75.00', '2016-06-21'),
(323, 4, '9', NULL, 350, '10.00', '2016-06-21'),
(325, 4, '10', NULL, 323, '80.00', '2016-06-24'),
(326, 4, '10', NULL, 254, '10.00', '2016-06-24'),
(327, 4, '10', NULL, 220, '10.00', '2016-06-24'),
(328, 6, '10', NULL, 351, '108.80', '2016-06-24'),
(329, 6, '10', NULL, 352, '233.92', '2016-06-24'),
(330, 1, '11', NULL, 355, '275.00', '2016-06-25'),
(331, 1, '11', NULL, 354, '1324.00', '2016-06-25'),
(332, 1, '11', NULL, 356, '560.00', '2016-06-25'),
(333, 4, '12', NULL, 254, '50.00', '2016-06-27'),
(334, 4, '12', NULL, 253, '80.00', '2016-06-27'),
(335, 4, '12', NULL, 359, '279.40', '2016-06-27'),
(336, 4, '12', NULL, 360, '36.50', '2016-06-27'),
(337, 4, '12', NULL, 358, '50.00', '2016-06-27'),
(338, 4, '92', NULL, 250, '144.00', '2016-06-16'),
(339, 4, '92', NULL, 236, '24.00', '2016-06-16'),
(340, 4, '92', NULL, 323, '100.00', '2016-06-16'),
(341, 4, '92', NULL, 254, '150.00', '2016-06-16'),
(342, 4, '6', NULL, 592, '96.00', '2016-06-14'),
(343, 4, '11', NULL, 254, '480.00', '2016-06-25'),
(344, 7, '3', NULL, 19, '36.00', '2016-06-08'),
(345, 7, '3', NULL, 587, '36.00', '2016-06-08'),
(346, 7, '3', NULL, 33, '36.00', '2016-06-08'),
(347, 7, '3', NULL, 229, '6.00', '2016-06-08'),
(348, 4, '3', NULL, 322, '110.00', '2016-06-08'),
(349, 6, '3', NULL, 324, '136.00', '2016-06-09'),
(350, 6, '3', NULL, 325, '228.48', '2016-06-09'),
(351, 1, '107', NULL, 365, '1270.00', '2016-07-02'),
(352, 4, '105', NULL, 253, '96.00', '2016-07-07'),
(353, 4, '105', NULL, 220, '3.00', '2016-07-01'),
(354, 4, '106', NULL, 372, '77.90', '2016-07-04'),
(355, 4, '106', NULL, 371, '222.40', '2016-07-04'),
(356, 4, '106', NULL, 370, '75.00', '2016-07-04'),
(357, 1, '107', NULL, 593, '650.00', '2016-07-02'),
(358, 1, '107', NULL, 366, '139.00', '2016-07-02'),
(359, 6, '108', NULL, 388, '233.92', '2016-07-07'),
(360, 1, '109', NULL, 378, '1475.00', '2016-07-08'),
(361, 1, '109', NULL, 380, '635.00', '2016-07-08'),
(362, 1, '109', NULL, 379, '214.00', '2016-07-08'),
(363, 4, '110', NULL, 383, '281.00', '2016-07-11'),
(364, 4, '110', NULL, 382, '75.00', '2016-07-11'),
(365, 4, '110', NULL, 384, '40.00', '2016-07-11'),
(366, 4, '110', NULL, 337, '10.00', '2016-07-11'),
(367, 6, '111', NULL, 387, '76.16', '2016-07-15'),
(368, 4, '111', NULL, 337, '50.00', '2016-07-15'),
(369, 4, '111', NULL, 254, '10.00', '2016-07-15'),
(370, 4, '111', NULL, 277, '208.00', '2016-07-15'),
(371, 4, '111', NULL, 253, '20.00', '2016-07-15'),
(372, 4, '112', NULL, 317, '384.00', '2016-07-16'),
(373, 4, '112', NULL, 332, '8.00', '2016-07-16'),
(374, 1, '113', NULL, 216, '40.00', '2016-07-19'),
(375, 1, '113', NULL, 330, '78.00', '2016-07-19'),
(376, 4, '114', NULL, 337, '10.00', '2016-07-20'),
(377, 4, '114', NULL, 323, '40.00', '2016-07-20'),
(378, 4, '114', NULL, 263, '72.00', '2016-07-20'),
(379, 4, '114', NULL, 332, '80.00', '2016-07-20'),
(380, 6, '115', NULL, 399, '114.24', '2016-07-22'),
(381, 6, '115', NULL, 400, '228.48', '2016-07-22'),
(382, 1, '116', NULL, 245, '70.00', '2016-07-23'),
(383, 1, '116', NULL, 330, '26.00', '2016-07-23'),
(384, 1, '116', NULL, 157, '20.00', '2016-07-23'),
(385, 1, '116', NULL, 230, '80.00', '2016-07-23'),
(386, 1, '116', NULL, 272, '10.00', '2016-07-23'),
(387, 1, '116', NULL, 404, '239.00', '2016-07-23'),
(388, 1, '116', NULL, 403, '1300.00', '2016-07-23'),
(389, 1, '116', NULL, 406, '575.00', '2016-07-23'),
(390, 4, '117', NULL, 408, '657.30', '2016-07-25'),
(391, 4, '117', NULL, 407, '100.00', '2016-07-25'),
(392, 4, '117', NULL, 410, '60.10', '2016-07-25'),
(393, 4, '118', NULL, 409, '140.00', '2016-07-26'),
(394, 4, '119', NULL, 398, '550.00', '2016-07-29'),
(395, 4, '119', NULL, 337, '90.00', '2016-07-29'),
(396, 4, '119', NULL, 321, '200.00', '2016-07-29'),
(397, 6, '119', NULL, 413, '92.48', '2016-07-29'),
(398, 6, '119', NULL, 414, '228.48', '2016-07-29'),
(399, 4, '120', NULL, 317, '40.00', '2016-07-30'),
(400, 4, '120', NULL, 347, '50.00', '2016-07-30'),
(401, 4, '120', NULL, 332, '192.00', '2016-07-30'),
(402, 4, '120', NULL, 398, '20.00', '2016-07-30'),
(403, 4, '120', NULL, 323, '30.00', '2016-07-30'),
(404, 6, '121', NULL, 426, '70.72', '2016-08-05'),
(405, 6, '121', NULL, 427, '255.68', '2016-08-05'),
(406, 4, '122', NULL, 323, '130.00', '2016-08-06'),
(407, 4, '122', NULL, 398, '220.00', '2016-08-06'),
(408, 6, '108', NULL, 374, '65.28', '2016-07-07'),
(409, 6, '108', NULL, 375, '233.92', '2016-07-07'),
(410, 1, '112', NULL, 391, '214.00', '2016-07-16'),
(411, 1, '112', NULL, 392, '648.00', '2016-07-16'),
(412, 1, '112', NULL, 390, '1475.00', '2016-07-16'),
(413, 4, '112', NULL, 396, '83.00', '2016-07-18'),
(414, 4, '112', NULL, 394, '100.00', '2016-07-18'),
(415, 4, '112', NULL, 395, '274.60', '2016-07-18'),
(416, 4, '112', NULL, 397, '69.90', '2016-07-18'),
(417, 4, '113', NULL, 397, '140.00', '2016-07-19'),
(418, 1, '120', NULL, 419, '650.00', '2016-07-30'),
(419, 1, '120', NULL, 418, '239.00', '2016-07-30'),
(420, 1, '120', NULL, 417, '1550.00', '2016-07-30'),
(421, 1, '122', NULL, 430, '1525.00', '2016-08-06'),
(422, 1, '122', NULL, 431, '214.00', '2016-08-06'),
(423, 1, '122', NULL, 432, '732.00', '2016-08-06'),
(424, 4, '123', NULL, 434, '100.00', '2016-08-08'),
(425, 4, '123', NULL, 437, '79.90', '2016-08-08'),
(426, 4, '123', NULL, 435, '370.50', '2016-08-08'),
(427, 4, '124', NULL, 323, '220.00', '2016-08-11'),
(428, 4, '124', NULL, 393, '56.00', '2016-08-11'),
(429, 4, '124', NULL, 436, '110.00', '2016-08-11'),
(430, 1, '125', NULL, 416, '60.00', '2016-08-12'),
(431, 6, '125', NULL, 440, '282.88', '2016-08-12'),
(433, 1, '126', NULL, 443, '1300.00', '2016-08-13'),
(434, 1, '126', NULL, 444, '144.00', '2016-08-13'),
(435, 1, '126', NULL, 445, '214.00', '2016-08-13'),
(436, 1, '126', NULL, 446, '725.00', '2016-08-13'),
(437, 4, '127', NULL, 398, '16.00', '2016-08-16'),
(438, 4, '127', NULL, 449, '224.00', '2016-08-16'),
(439, 4, '127', NULL, 451, '100.00', '2016-08-16'),
(440, 4, '127', NULL, 448, '100.00', '2016-08-16'),
(441, 1, '128', NULL, 416, '400.00', '2016-08-17'),
(442, 6, '129', NULL, 452, '97.92', '2016-08-19'),
(443, 6, '129', NULL, 453, '288.32', '2016-08-19'),
(444, 4, '129', NULL, 393, '80.00', '2016-08-19'),
(445, 4, '129', NULL, 321, '40.00', '2016-08-19'),
(446, 4, '129', NULL, 323, '170.00', '2016-08-19'),
(447, 4, '121', NULL, 421, '100.00', '2016-08-01'),
(448, 4, '121', NULL, 422, '688.00', '2016-08-01'),
(449, 4, '121', NULL, 423, '82.00', '2016-08-01'),
(450, 4, '121', NULL, 424, '55.00', '2016-08-01'),
(451, 4, '129', NULL, 425, '210.00', '2016-08-19'),
(452, 4, '129', NULL, 450, '20.00', '2016-08-19'),
(453, 4, '129', NULL, 337, '220.00', '2016-08-19'),
(454, 1, '130', NULL, 456, '1475.00', '2016-08-20'),
(455, 1, '130', NULL, 457, '214.00', '2016-08-20'),
(456, 1, '130', NULL, 458, '800.00', '2016-08-20'),
(457, 4, '131', NULL, 393, '16.00', '2016-08-22'),
(458, 4, '131', NULL, 460, '75.00', '2016-08-22'),
(459, 4, '131', NULL, 461, '314.10', '2016-08-22'),
(460, 4, '131', NULL, 463, '96.30', '2016-08-22'),
(461, 4, '132', NULL, 337, '300.00', '2016-08-23'),
(462, 1, '133', NULL, 405, '78.00', '2016-08-24'),
(463, 6, '134', NULL, 466, '304.64', '2016-08-26'),
(464, 6, '134', NULL, 465, '81.50', '2016-08-26'),
(465, 1, '135', NULL, 469, '1145.00', '2016-08-27'),
(466, 1, '135', NULL, 470, '339.00', '2016-08-27'),
(467, 1, '135', NULL, 471, '698.00', '2016-08-27'),
(468, 7, '136', NULL, 412, '60.00', '2016-08-29'),
(469, 7, '136', NULL, 296, '6.00', '2016-08-29'),
(470, 7, '136', NULL, 376, '36.00', '2016-08-29'),
(471, 4, '136', NULL, 476, '82.10', '2016-08-29'),
(472, 4, '136', NULL, 473, '125.00', '2016-08-29'),
(473, 4, '136', NULL, 474, '303.00', '2016-08-29'),
(474, 6, '136', NULL, 478, '108.80', '2016-09-02'),
(475, 6, '136', NULL, 479, '304.64', '2016-09-02'),
(476, 4, '138', NULL, 393, '64.00', '2016-09-03'),
(477, 4, '138', NULL, 398, '160.00', '2016-09-03'),
(478, 4, '138', NULL, 425, '10.00', '2016-09-03'),
(479, 4, '138', NULL, 436, '10.00', '2016-09-03'),
(480, 4, '138', NULL, 337, '320.00', '2016-09-03'),
(481, 1, '138', NULL, 481, '1400.00', '2016-09-03'),
(482, 1, '138', NULL, 483, '725.00', '2016-09-03'),
(483, 1, '138', NULL, 482, '289.00', '2016-09-03'),
(484, 4, '139', NULL, 485, '75.00', '2016-09-05'),
(485, 4, '139', NULL, 486, '203.00', '2016-09-05'),
(486, 4, '139', NULL, 487, '101.00', '2016-09-05'),
(487, 6, '140', NULL, 489, '315.52', '2016-09-09'),
(488, 6, '140', NULL, 488, '81.60', '2016-09-09'),
(489, 1, '141', NULL, 492, '1300.00', '2016-09-10'),
(490, 1, '141', NULL, 493, '239.00', '2016-09-10'),
(491, 1, '141', NULL, 494, '675.00', '2016-09-10'),
(492, 4, '141', NULL, 472, '64.00', '2016-09-10'),
(493, 4, '141', NULL, 459, '232.00', '2016-09-10'),
(494, 4, '142', NULL, 496, '100.00', '2016-09-12'),
(495, 4, '142', NULL, 497, '312.80', '2016-09-12'),
(496, 4, '142', NULL, 499, '43.40', '2016-09-12'),
(497, 4, '142', NULL, 500, '32.90', '2016-09-12'),
(498, 4, '143', NULL, 398, '134.00', '2016-09-15'),
(499, 5, '144', NULL, 502, '272.00', '2016-09-16'),
(500, 6, '144', NULL, 697, '59.84', '2016-09-16'),
(501, 1, '145', NULL, 56, '100.00', '2016-09-17'),
(502, 1, '145', NULL, 504, '214.00', '2016-09-17'),
(503, 1, '145', NULL, 505, '702.00', '2016-09-17'),
(504, 4, '146', NULL, 495, '8.00', '2016-09-19'),
(505, 4, '146', NULL, 510, '78.50', '2016-09-19'),
(506, 4, '146', NULL, 508, '258.30', '2016-09-19'),
(507, 4, '146', NULL, 507, '75.00', '2016-09-19'),
(508, 1, '147', NULL, 513, '1391.00', '2016-09-24'),
(509, 1, '147', NULL, 514, '214.00', '2016-09-19'),
(510, 1, '147', NULL, 515, '779.00', '2016-09-19'),
(511, 4, '148', NULL, 517, '100.00', '2016-09-19'),
(512, 4, '148', NULL, 698, '230.30', '2016-09-26'),
(513, 4, '149', NULL, 498, '10.00', '2016-09-28'),
(514, 4, '149', NULL, 495, '8.00', '2016-09-28'),
(515, 4, '149', NULL, 501, '30.00', '2016-09-28'),
(516, 4, '149', NULL, 425, '150.00', '2016-09-28'),
(517, 4, '149', NULL, 509, '10.00', '2016-09-28'),
(518, 4, '149', NULL, 506, '24.00', '2016-09-28'),
(519, 4, '149', NULL, 472, '8.00', '2016-09-28'),
(520, 6, '150', NULL, 519, '76.16', '2016-09-30'),
(521, 6, '150', NULL, 520, '228.48', '2016-09-30'),
(522, 1, '151', NULL, 523, '1350.00', '2016-10-01'),
(523, 1, '151', NULL, 524, '289.00', '2016-10-01'),
(524, 1, '151', NULL, 525, '669.00', '2016-10-01'),
(525, 4, '151', NULL, 472, '56.00', '2016-10-01'),
(526, 4, '151', NULL, 495, '40.00', '2016-10-01'),
(527, 4, '151', NULL, 506, '248.00', '2016-10-01'),
(528, 1, '151', NULL, 429, '140.00', '2016-10-01'),
(529, 1, '151', NULL, 416, '10.00', '2016-10-01'),
(530, 4, '152', NULL, 528, '254.00', '2016-10-03'),
(531, 4, '153', NULL, 527, '150.00', '2016-10-01'),
(532, 4, '153', NULL, 530, '43.10', '2016-10-04'),
(533, 4, '153', NULL, 509, '30.00', '2016-10-04'),
(534, 4, '153', NULL, 506, '24.00', '2016-10-04'),
(535, 4, '153', NULL, 501, '10.00', '2016-10-04'),
(536, 4, '153', NULL, 425, '70.00', '2016-10-04'),
(537, 4, '154', NULL, 498, '30.00', '2016-10-05'),
(538, 4, '154', NULL, 506, '80.00', '2016-10-05'),
(539, 4, '156', NULL, 571, '220.00', '2016-10-06'),
(540, 4, '156', NULL, 556, '110.00', '2016-10-06'),
(541, 4, '157', NULL, 501, '40.00', '2016-10-07'),
(542, 6, '157', NULL, 533, '315.52', '2016-10-07'),
(543, 6, '157', NULL, 534, '353.60', '2016-10-07'),
(544, 1, '158', NULL, 537, '1350.00', '2016-10-08'),
(545, 1, '158', NULL, 538, '239.00', '2016-10-08'),
(546, 1, '158', NULL, 539, '725.00', '2016-10-08'),
(547, 1, '158', NULL, 501, '30.00', '2016-10-08'),
(548, 4, '158', NULL, 529, '160.00', '2016-10-08'),
(549, 4, '1', NULL, 542, '250.00', '2016-10-11'),
(550, 4, '1', NULL, 544, '62.10', '2016-10-11'),
(551, 4, '1', NULL, 541, '75.00', '2016-10-11'),
(552, 4, '159', NULL, 501, '340.00', '2016-10-14'),
(553, 4, '159', NULL, 425, '20.00', '2016-10-14'),
(554, 4, '159', NULL, 516, '112.00', '2016-10-14'),
(555, 6, '159', NULL, 546, '391.68', '2016-10-14'),
(556, 4, '159', NULL, 545, '315.52', '2016-10-14'),
(557, 1, '1', NULL, 552, '687.30', '2016-10-15'),
(558, 1, '1', NULL, 551, '264.00', '2016-10-15'),
(559, 1, '1', NULL, 550, '1246.50', '2016-10-15'),
(560, 4, '1', NULL, 557, '58.00', '2016-10-17'),
(561, 4, '1', NULL, 555, '328.00', '2016-10-17'),
(562, 1, '1', NULL, 554, '100.00', '2016-10-17'),
(563, 1, '160', NULL, 536, '170.00', '2016-10-18'),
(564, 1, '160', NULL, 405, '105.00', '2016-10-18'),
(565, 4, '160', NULL, 516, '40.00', '2016-10-18'),
(566, 4, '200', NULL, 701, '390.00', '2017-01-02'),
(567, 4, '200', NULL, 700, '250.00', '2017-01-02'),
(568, 4, '200', NULL, 703, '78.00', '2017-01-02'),
(569, 6, '201', NULL, 705, '184.96', '2017-01-06'),
(570, 6, '201', NULL, 706, '353.60', '2017-01-04'),
(571, 4, '202', NULL, 699, '40.00', '2017-01-07'),
(572, 1, '202', NULL, 708, '800.00', '2017-01-07'),
(573, 1, '202', NULL, 709, '50.00', '2017-01-07'),
(574, 1, '202', NULL, 710, '406.00', '2017-01-07'),
(575, 4, '203', NULL, 713, '136.00', '2017-01-09'),
(576, 4, '203', NULL, 712, '423.50', '2017-01-09'),
(577, 4, '203', NULL, 711, '200.00', '2017-01-09'),
(578, 4, '204', NULL, 711, '250.00', '2017-01-10'),
(579, 1, '204', NULL, 707, '250.00', '2017-01-10'),
(580, 4, '204', NULL, 715, '32.30', '2017-01-10'),
(581, 4, '205', NULL, 714, '72.00', '2017-01-12'),
(582, 4, '205', NULL, 716, '400.00', '2017-01-12'),
(583, 6, '206', NULL, 717, '239.36', '2017-01-13'),
(584, 6, '206', NULL, 718, '331.84', '2017-01-13'),
(585, 1, '207', NULL, 720, '1075.00', '2017-01-14'),
(586, 1, '207', NULL, 721, '150.00', '2017-01-14'),
(587, 1, '207', NULL, 723, '435.90', '2017-01-14'),
(588, 4, '208', NULL, 716, '60.00', '2017-01-16'),
(589, 4, '208', NULL, 714, '24.00', '2017-01-16'),
(590, 1, '209', NULL, 707, '500.00', '2017-01-17'),
(591, 1, '209', NULL, 722, '156.00', '2017-01-17'),
(593, 4, '210', NULL, 716, '500.00', '2017-01-18'),
(594, 1, '211', NULL, 671, '130.00', '2017-01-05'),
(595, 1, '211', NULL, 674, '26.00', '2017-01-05'),
(596, 1, '211', NULL, 679, '13.00', '2017-01-05'),
(597, 4, '211', NULL, 689, '160.00', '2017-01-05'),
(598, 7, '201', NULL, 665, '6.00', '2017-01-06'),
(599, 7, '201', NULL, 532, '5.00', '2017-01-06'),
(600, 7, '201', NULL, 296, '102.00', '2017-01-06'),
(601, 7, '201', NULL, 389, '6.00', '2017-01-06'),
(602, 4, '202', NULL, 689, '280.00', '2017-01-07'),
(603, 4, '208', NULL, 728, '108.70', '2017-01-16'),
(604, 4, '208', NULL, 726, '417.40', '2017-01-16'),
(605, 4, '208', NULL, 725, '125.00', '2017-01-16'),
(606, 4, '209', NULL, 725, '350.00', '2017-01-17'),
(607, 4, '210', NULL, 714, '200.00', '2017-01-18'),
(608, 4, '212', NULL, 716, '70.00', '2017-01-21'),
(609, 4, '212', NULL, 714, '240.00', '2017-01-21'),
(610, 1, '212', NULL, 719, '100.00', '2017-01-21'),
(611, 1, '212', NULL, 734, '1222.00', '2017-01-21'),
(612, 1, '212', NULL, 737, '400.00', '2017-01-21'),
(613, 1, '212', NULL, 735, '400.00', '2017-01-21'),
(614, 6, '213', NULL, 731, '223.04', '2017-01-20'),
(615, 6, '213', NULL, 732, '359.04', '2017-01-20'),
(616, 4, '214', NULL, 739, '550.00', '2017-01-23'),
(617, 4, '214', NULL, 738, '150.00', '2017-01-23'),
(618, 4, '214', NULL, 740, '104.00', '2017-01-23'),
(619, 4, '215', NULL, 738, '25.00', '2017-01-24'),
(620, 4, '214', NULL, 724, '104.00', '2017-01-23'),
(621, 4, '215', NULL, 744, '325.00', '2017-01-24'),
(622, 4, '217', NULL, 743, '320.00', '2017-01-28'),
(623, 6, '216', NULL, 746, '217.60', '2017-01-27'),
(624, 6, '216', NULL, 747, '364.48', '2017-01-27'),
(625, 1, '217', NULL, 750, '1250.00', '2017-01-28'),
(626, 1, '217', NULL, 751, '164.00', '2017-01-28'),
(627, 1, '217', NULL, 752, '589.00', '2017-01-28'),
(628, 4, '219', NULL, 753, '150.00', '2017-01-31'),
(629, 4, '218', NULL, 754, '418.20', '2017-01-30'),
(630, 4, '218', NULL, 756, '111.00', '2017-01-30'),
(631, 4, '218', NULL, 753, '75.00', '2017-01-30'),
(632, 6, '221', NULL, 759, '212.16', '2017-02-03'),
(633, 6, '221', NULL, 760, '369.92', '2017-02-03'),
(634, 1, '222', NULL, 762, '1425.00', '2017-02-04'),
(635, 1, '222', NULL, 763, '214.00', '2017-02-04'),
(636, 1, '222', NULL, 764, '600.00', '2017-02-04'),
(637, 4, '223', NULL, 767, '462.00', '2017-02-06'),
(638, 4, '223', NULL, 765, '150.00', '2017-02-06'),
(639, 4, '223', NULL, 766, '107.00', '2017-02-06'),
(640, 4, '224', NULL, 765, '175.00', '2017-02-07'),
(641, 4, '223', NULL, 770, '85.00', '2017-02-06'),
(642, 4, '224', NULL, 769, '25.00', '2017-02-07'),
(643, 4, '224', NULL, 772, '125.00', '2017-02-07'),
(644, 6, '225', NULL, 773, '228.48', '2017-02-10'),
(645, 6, '225', NULL, 774, '478.72', '2017-02-10'),
(646, 1, '226', NULL, 776, '1525.00', '2017-02-11'),
(647, 1, '226', NULL, 778, '625.00', '2017-02-11'),
(648, 1, '226', NULL, 777, '239.00', '2017-02-11'),
(649, 4, '227', NULL, 781, '487.05', '2017-02-13'),
(650, 4, '227', NULL, 782, '107.00', '2017-02-13'),
(651, 4, '227', NULL, 780, '150.00', '2017-02-13'),
(652, 4, '228', NULL, 780, '200.00', '2017-02-14'),
(653, 6, '230', NULL, 785, '228.48', '2017-02-17'),
(654, 6, '230', NULL, 784, '272.00', '2017-02-17'),
(655, 4, '230', NULL, 771, '100.00', '2017-02-17'),
(656, 4, '231', NULL, 779, '72.00', '2017-02-18'),
(657, 4, '231', NULL, 768, '40.00', '2017-02-18'),
(658, 1, '231', NULL, 789, '724.00', '2017-02-18'),
(659, 1, '231', NULL, 787, '1050.00', '2017-02-18'),
(661, 1, '231', NULL, 787, '175.00', '2017-02-18'),
(662, 1, '231', NULL, 788, '264.00', '2017-02-18'),
(663, 4, '232', NULL, 792, '495.10', '2017-02-20'),
(664, 4, '232', NULL, 793, '99.00', '2017-02-20'),
(665, 4, '232', NULL, 791, '150.00', '2017-02-20'),
(666, 4, '233', NULL, 791, '75.00', '2017-02-21'),
(667, 6, '234', NULL, 798, '146.88', '2017-02-24'),
(668, 6, '234', NULL, 799, '212.16', '2017-02-24'),
(669, 4, '235', NULL, 790, '296.00', '2017-02-25'),
(670, 1, '235', NULL, 804, '680.50', '2017-02-25'),
(671, 1, '235', NULL, 801, '1125.00', '2017-02-25'),
(672, 1, '235', NULL, 803, '214.00', '2017-02-25'),
(673, 4, '235', NULL, 794, '680.00', '2017-02-25'),
(674, 1, '236', NULL, 786, '620.00', '2017-03-01'),
(675, 1, '236', NULL, 775, '200.00', '2017-03-01'),
(676, 1, '236', NULL, 761, '50.00', '2017-03-01'),
(677, 1, '236', NULL, 802, '25.00', '2017-03-01'),
(678, 7, '236', NULL, 464, '210.00', '2017-03-01'),
(679, 4, '236', NULL, 809, '42.80', '2017-03-01'),
(680, 4, '236', NULL, 806, '275.00', '2017-03-01'),
(681, 4, '236', NULL, 807, '234.40', '2017-03-01'),
(682, 4, '237', NULL, 794, '410.00', '2017-03-03'),
(683, 4, '237', NULL, 771, '20.00', '2017-03-03'),
(684, 1, '238', NULL, 802, '345.00', '2017-03-04'),
(685, 1, '238', NULL, 812, '100.00', '2017-03-04'),
(686, 1, '238', NULL, 813, '1525.00', '2017-03-04'),
(687, 1, '238', NULL, 814, '239.00', '2017-03-04'),
(688, 1, '239', NULL, 812, '230.00', '2017-03-07'),
(689, 4, '239', NULL, 818, '87.00', '2017-03-07'),
(690, 4, '239', NULL, 817, '275.00', '2017-03-07'),
(691, 4, '239', NULL, 819, '224.23', '2017-03-07'),
(692, 4, '240', NULL, 805, '112.00', '2017-03-09'),
(693, 4, '240', NULL, 808, '20.00', '2017-03-09'),
(694, 4, '240', NULL, 816, '8.00', '2017-03-09'),
(695, 1, '241', NULL, 821, '1775.00', '2017-03-11'),
(696, 1, '241', NULL, 824, '500.00', '2017-03-11'),
(697, 1, '241', NULL, 822, '264.00', '2017-03-11'),
(698, 4, '242', NULL, 826, '275.60', '2017-03-13'),
(699, 4, '242', NULL, 827, '38.20', '2017-03-13'),
(700, 4, '242', NULL, 825, '125.00', '2017-03-13'),
(701, 1, '243', NULL, 820, '460.00', '2017-03-14'),
(702, 1, '243', NULL, 823, '169.00', '2017-03-14'),
(703, 1, '243', NULL, 812, '20.00', '2017-03-14'),
(704, 4, '243', NULL, 825, '100.00', '2017-03-14'),
(705, 4, '243', NULL, 827, '100.00', '2017-03-14'),
(706, 4, '244', NULL, 829, '80.00', '2017-03-16'),
(707, 4, '245', NULL, 829, '650.00', '2017-03-17'),
(708, 4, '245', NULL, 805, '56.00', '2017-03-17'),
(709, 4, '245', NULL, 816, '32.00', '2017-03-17'),
(710, 1, '245', NULL, 823, '104.00', '2017-03-17'),
(711, 4, '246', NULL, 829, '210.00', '2017-03-18'),
(712, 4, '246', NULL, 816, '424.00', '2017-03-18'),
(713, 1, '248', NULL, 820, '580.00', '2017-03-21'),
(714, 4, '250', NULL, 829, '200.00', '2017-03-24'),
(716, 4, '245', NULL, 838, '136.00', '2017-03-17'),
(717, 6, '237', NULL, 830, '179.52', '2017-03-03'),
(718, 6, '237', NULL, 831, '223.04', '2017-03-03'),
(722, 4, '247', NULL, 852, '57.66', '2017-03-20'),
(723, 1, '246', NULL, 845, '239.00', '2017-03-18'),
(724, 1, '246', NULL, 847, '675.00', '2017-03-18'),
(725, 1, '246', NULL, 844, '1625.00', '2017-03-18'),
(726, 4, '247', NULL, 850, '226.90', '2017-03-20'),
(727, 4, '247', NULL, 848, '16.00', '2017-03-20'),
(728, 4, '247', NULL, 849, '100.00', '2017-03-20'),
(729, 1, '248', NULL, 846, '20.00', '2017-03-21'),
(730, 4, '248', NULL, 849, '125.00', '2017-03-21'),
(731, 4, '248', NULL, 852, '140.00', '2017-03-21'),
(732, 4, '248', NULL, 850, '153.20', '2017-03-21'),
(733, 6, '249', NULL, 854, '179.52', '2017-03-23'),
(734, 6, '249', NULL, 855, '272.00', '2017-03-23'),
(735, 4, '250', NULL, 829, '240.00', '2017-04-24'),
(736, 4, '251', NULL, 838, '256.00', '2017-03-25'),
(737, 1, '251', NULL, 857, '10.00', '2017-03-25'),
(738, 1, '251', NULL, 843, '90.00', '2017-03-25'),
(739, 1, '251', NULL, 859, '314.00', '2017-03-25'),
(740, 1, '251', NULL, 858, '1825.00', '2017-03-25'),
(741, 1, '251', NULL, 861, '675.00', '2017-03-25'),
(742, 4, '252', NULL, 829, '20.00', '2017-03-28'),
(743, 4, '252', NULL, 838, '16.00', '2017-03-28'),
(744, 4, '252', NULL, 864, '353.00', '2017-03-28'),
(745, 4, '252', NULL, 863, '250.00', '2017-03-28'),
(746, 4, '252', NULL, 866, '71.00', '2017-03-28'),
(747, 4, '253', NULL, 865, '80.00', '2017-03-30'),
(748, 4, '253', NULL, 851, '380.00', '2017-03-30'),
(749, 4, '253', NULL, 838, '96.00', '2017-03-30'),
(750, 6, '254', NULL, 873, '293.76', '2017-03-31'),
(751, 6, '254', NULL, 875, '152.32', '2017-03-31'),
(752, 4, '255', NULL, 862, '160.00', '2017-04-01'),
(753, 4, '255', NULL, 853, '100.00', '2017-04-01'),
(754, 1, '255', NULL, 869, '314.00', '2017-04-01'),
(755, 1, '255', NULL, 868, '1725.00', '2017-04-01'),
(756, 1, '255', NULL, 871, '650.00', '2017-04-01'),
(757, 1, '255', NULL, 868, '200.00', '2017-04-01'),
(758, 1, '255', NULL, 871, '50.00', '2017-04-01'),
(759, 1, '255', NULL, 871, '50.00', '2017-04-01'),
(760, 5, '256', NULL, 532, '132.00', '2017-04-03'),
(761, 5, '256', NULL, 665, '6.00', '2017-04-03'),
(762, 5, '256', NULL, 797, '6.00', '2017-04-03'),
(763, 5, '256', NULL, 665, '6.00', '2017-04-03');

-- --------------------------------------------------------

--
-- Estructura de tabla para la tabla `ingresos`
--

CREATE TABLE `ingresos` (
  `idIngreso` int(11) NOT NULL,
  `idLote` int(11) NOT NULL,
  `fecha` date NOT NULL,
  `cantidad` decimal(7,2) NOT NULL
) ENGINE=InnoDB DEFAULT CHARSET=utf8 COLLATE=utf8_spanish2_ci;

--
-- Volcado de datos para la tabla `ingresos`
--

INSERT INTO `ingresos` (`idIngreso`, `idLote`, `fecha`, `cantidad`) VALUES
(1, 62611, '2016-03-02', '721.50'),
(2, 63631, '2016-03-03', '1690.00'),
(3, 64631, '2016-03-04', '1406.00'),
(4, 68641, '2016-03-08', '770.00'),
(5, 68611, '2016-03-08', '2633.00'),
(6, 69611, '2016-03-09', '642.00'),
(7, 70631, '2016-03-10', '1718.00'),
(8, 71631, '2016-03-11', '1712.00'),
(9, 74641, '2016-03-14', '922.80'),
(10, 74642, '2016-03-14', '2613.00'),
(11, 76611, '2016-03-16', '715.30'),
(12, 76631, '2016-03-16', '1809.00'),
(13, 77631, '2016-03-17', '1852.40'),
(14, 78631, '2016-03-18', '1778.00'),
(15, 81641, '2016-03-21', '1324.95'),
(16, 81611, '2016-03-21', '2398.70'),
(17, 88611, '2016-03-28', '2253.50'),
(18, 88641, '2016-03-28', '1027.00'),
(19, 90611, '2016-03-30', '1579.30'),
(20, 91631, '2016-03-31', '1815.00'),
(21, 4641, '2016-01-04', '1379.00'),
(22, 5611, '2016-01-05', '3178.20'),
(24, 6611, '2016-01-06', '554.10'),
(25, 7631, '2016-01-07', '1505.00'),
(26, 8631, '2016-01-08', '1512.00'),
(27, 11641, '2016-01-11', '1320.00'),
(28, 11611, '2016-01-11', '3908.00'),
(29, 12641, '2016-01-12', '390.00'),
(30, 13611, '2016-01-13', '684.00'),
(31, 14631, '2016-01-14', '1561.00'),
(32, 15631, '2016-01-15', '1446.00'),
(33, 18641, '2016-01-18', '1162.80'),
(34, 18642, '2016-01-18', '688.20'),
(35, 18611, '2016-01-18', '1870.00'),
(36, 20641, '2016-01-20', '1872.65'),
(37, 32641, '2016-02-01', '2572.00'),
(38, 34611, '2016-02-03', '1452.00'),
(39, 35631, '2016-02-04', '1500.00'),
(40, 36631, '2016-02-05', '1505.00'),
(41, 41641, '2016-02-10', '694.00'),
(42, 41611, '2016-02-10', '2627.00'),
(43, 42631, '2016-02-11', '1641.00'),
(44, 43631, '2016-02-12', '1360.00'),
(45, 46641, '2016-02-15', '2739.00'),
(46, 48611, '2016-02-17', '643.00'),
(47, 49631, '2016-02-18', '1521.00'),
(48, 50631, '2016-02-19', '1802.00'),
(49, 53641, '2016-02-22', '638.50'),
(50, 53642, '2016-02-22', '1072.70'),
(51, 55611, '2016-02-24', '679.00'),
(52, 56631, '2016-02-25', '1665.00'),
(53, 57631, '2016-02-26', '1355.00'),
(54, 60641, '2016-02-29', '957.30'),
(55, 60642, '2016-02-29', '1936.00'),
(56, 20611, '2016-01-20', '525.00'),
(57, 21631, '2016-01-21', '1732.00'),
(58, 22631, '2016-01-22', '1820.00'),
(59, 25641, '2016-01-25', '1240.15'),
(60, 25611, '2016-01-25', '2190.70'),
(61, 27611, '2016-01-27', '631.00'),
(62, 27641, '2016-01-27', '1303.30'),
(63, 28631, '2016-01-28', '1820.50'),
(64, 29631, '2016-01-29', '1202.00'),
(65, 92631, '2016-04-01', '1810.20'),
(66, 95641, '2016-04-04', '1298.20'),
(67, 95611, '2016-04-04', '1935.60'),
(68, 97611, '2016-04-06', '689.20'),
(69, 98631, '2016-04-07', '1821.10'),
(70, 99631, '2016-04-08', '1876.40'),
(71, 102641, '2016-04-11', '1273.80'),
(72, 102611, '2016-04-11', '1892.20'),
(73, 104611, '2016-04-13', '1013.50'),
(74, 105631, '2016-04-14', '1740.50'),
(75, 106631, '2016-04-15', '1830.70'),
(76, 109641, '2016-04-18', '419.00'),
(77, 109611, '2016-04-15', '3655.00'),
(78, 111611, '2016-04-20', '1200.00'),
(79, 112631, '2016-04-21', '1725.00'),
(80, 113631, '2016-04-22', '1633.00'),
(82, 116641, '2016-04-25', '841.00'),
(83, 116642, '2016-04-25', '2360.00'),
(84, 118611, '2016-04-27', '921.00'),
(85, 119631, '2016-04-28', '1555.20'),
(86, 120631, '2016-04-29', '1671.00'),
(87, 123641, '2016-05-02', '829.00'),
(88, 123642, '2016-05-02', '1965.00'),
(89, 125611, '2016-05-04', '749.30'),
(90, 126631, '2016-05-05', '1533.00'),
(91, 127631, '2016-05-06', '1490.00'),
(92, 130641, '2016-05-09', '1040.00'),
(93, 132611, '2016-05-11', '665.80'),
(94, 133631, '2016-05-12', '1517.00'),
(95, 134631, '2016-05-13', '1499.00'),
(96, 137641, '2016-05-16', '645.70'),
(97, 137611, '2016-05-16', '3038.80'),
(98, 139611, '2016-05-18', '1078.70'),
(99, 140631, '2016-05-19', '1522.00'),
(100, 141631, '2016-05-20', '1513.00'),
(101, 144641, '2016-05-23', '832.80'),
(102, 144611, '2016-05-23', '1995.00'),
(103, 146611, '2016-05-25', '2154.60'),
(104, 147631, '2016-05-26', '3315.00'),
(105, 151641, '2016-12-30', '668.50'),
(106, 151611, '2016-05-30', '5009.60'),
(107, 153611, '2016-06-01', '536.90'),
(108, 154631, '2016-06-02', '3240.80'),
(109, 159641, '2016-06-07', '851.50'),
(110, 159642, '2016-06-07', '2031.00'),
(111, 160611, '2016-06-08', '1222.00'),
(112, 161631, '2016-06-09', '3200.00'),
(113, 165641, '2016-06-13', '690.30'),
(114, 165642, '2016-06-13', '1886.00'),
(115, 166611, '2016-06-15', '1260.90'),
(116, 166631, '2016-06-15', '3250.00'),
(117, 173641, '2016-06-21', '633.30'),
(118, 174611, '2016-06-22', '1763.00'),
(119, 175631, '2016-06-23', '3055.00'),
(120, 179641, '2016-06-27', '782.80'),
(121, 179611, '2016-06-27', '4839.80'),
(122, 181611, '2016-06-29', '657.80'),
(123, 182631, '2016-06-30', '3002.60'),
(124, 186641, '2016-07-04', '770.00'),
(125, 186611, '2016-07-04', '2895.50'),
(126, 187611, '2016-07-05', '630.00'),
(127, 188631, '2016-07-06', '3319.50'),
(128, 193641, '2016-07-11', '601.50'),
(129, 193611, '2016-07-11', '3966.20'),
(130, 195611, '2016-07-13', '568.50'),
(131, 196631, '2016-07-14', '3337.00'),
(132, 200641, '2016-07-18', '918.25'),
(133, 200642, '2016-07-18', '2250.00'),
(134, 202611, '2016-07-20', '636.30'),
(135, 203631, '2016-07-21', '3651.00'),
(136, 207641, '2016-07-25', '1376.00'),
(137, 207611, '2016-07-25', '1984.50'),
(138, 209611, '2016-07-27', '654.90'),
(139, 210631, '2016-07-28', '4292.50'),
(140, 214641, '2016-08-01', '1107.00'),
(141, 214642, '2016-08-01', '2305.00'),
(142, 216611, '2016-08-03', '600.40'),
(143, 217631, '2016-08-04', '3702.00'),
(144, 221641, '2016-08-08', '1218.00'),
(145, 221611, '2016-08-08', '2524.00'),
(146, 223611, '2016-08-10', '690.20'),
(147, 224631, '2016-08-11', '1750.50'),
(148, 225631, '2016-08-10', '1705.80'),
(149, 229641, '2016-08-16', '1292.00'),
(150, 229611, '2016-08-16', '2548.00'),
(151, 231631, '2016-08-18', '3573.00'),
(152, 235641, '2016-08-22', '1161.00'),
(153, 235611, '2016-08-22', '2599.00'),
(154, 237611, '2016-08-24', '817.40'),
(155, 239631, '2016-08-26', '3025.00'),
(156, 242641, '2016-08-29', '955.60'),
(157, 242611, '2016-08-29', '3398.00'),
(158, 244611, '2016-08-31', '812.20'),
(159, 246631, '2016-09-01', '3500.70'),
(160, 249641, '2016-09-05', '866.60'),
(161, 250611, '2016-09-06', '1485.00'),
(162, 252631, '2016-09-08', '3067.00'),
(163, 256641, '2016-09-12', '868.00'),
(164, 256642, '2016-09-12', '1833.00'),
(165, 258611, '2016-09-14', '679.40'),
(166, 259631, '2016-09-15', '3415.40'),
(167, 263641, '2016-09-19', '1122.85'),
(168, 265611, '2016-09-21', '674.10'),
(169, 266631, '2016-09-22', '3554.50'),
(170, 270641, '2016-09-26', '861.10'),
(171, 272611, '2016-09-28', '645.00'),
(172, 273631, '2016-09-29', '3327.00'),
(173, 277641, '2016-10-03', '1038.15'),
(174, 277611, '2016-10-03', '2350.10'),
(175, 279611, '2016-10-05', '1125.10'),
(176, 280631, '2016-10-06', '4130.00'),
(177, 285641, '2016-10-11', '775.00'),
(178, 286611, '2016-10-12', '1253.40'),
(179, 287631, '2016-10-13', '4189.40'),
(180, 291641, '2016-10-17', '949.50'),
(181, 291611, '2016-10-17', '2514.70'),
(182, 293611, '2016-10-19', '1013.20'),
(183, 294631, '2016-10-20', '3506.00'),
(184, 298641, '2016-10-24', '1027.00'),
(185, 299611, '2016-10-25', '2380.00'),
(186, 301631, '2016-10-27', '3663.00'),
(187, 305611, '2016-10-27', '1457.20'),
(188, 306641, '2016-11-01', '916.90'),
(189, 307611, '2016-11-02', '1163.80'),
(190, 308631, '2016-11-03', '3525.00'),
(191, 312641, '2016-11-07', '751.00'),
(192, 312611, '2016-11-07', '3129.70'),
(193, 314611, '2016-11-09', '2254.00'),
(194, 315631, '2016-11-10', '3466.70'),
(195, 319641, '2016-11-14', '795.85'),
(196, 319611, '2016-11-14', '4364.00'),
(197, 322631, '2016-11-17', '4272.00'),
(198, 326641, '2016-11-21', '1240.55'),
(199, 326611, '2016-11-21', '2850.00'),
(200, 328611, '2016-11-23', '1124.20'),
(201, 329631, '2016-11-24', '3003.00'),
(202, 334641, '2016-11-29', '1053.50'),
(203, 334642, '2016-11-29', '1120.00'),
(205, 335611, '2016-11-30', '850.00'),
(206, 347611, '2016-12-12', '3324.00'),
(207, 347642, '2016-12-12', '745.00'),
(208, 347631, '2016-12-12', '960.00'),
(209, 343631, '2016-12-08', '3011.30'),
(210, 340611, '2016-12-05', '2905.00'),
(211, 340642, '2016-12-05', '1215.00'),
(212, 340641, '2016-12-05', '1187.00'),
(213, 336631, '2016-12-01', '3245.00'),
(214, 349611, '2016-12-14', '1387.00'),
(215, 349631, '2016-12-14', '1968.00'),
(216, 350631, '2016-12-15', '2646.00'),
(217, 354641, '2016-12-19', '1262.00'),
(218, 354611, '2016-12-19', '3226.70'),
(219, 356641, '2016-12-21', '1610.00'),
(220, 361641, '2016-12-26', '1354.70'),
(221, 361611, '2016-12-26', '4599.60'),
(222, 2741, '2017-01-02', '1091.00'),
(223, 2711, '2017-01-02', '3484.00'),
(224, 4711, '2017-01-04', '1022.00'),
(225, 6731, '2017-01-06', '2929.00'),
(226, 9741, '2017-01-09', '1111.00'),
(227, 9742, '2017-01-09', '2135.00'),
(228, 11711, '2017-01-11', '997.90'),
(229, 12731, '2017-01-12', '3035.00'),
(231, 16741, '2017-01-16', '1513.80'),
(232, 16711, '2017-01-16', '4290.00'),
(233, 18711, '2017-01-18', '1212.00'),
(234, 19731, '2017-01-19', '2905.00'),
(235, 23741, '2017-01-23', '1116.00'),
(236, 23711, '2017-01-23', '3105.40'),
(237, 23742, '2017-01-23', '1392.00'),
(238, 25711, '2017-01-25', '1058.00'),
(239, 26731, '2017-01-26', '3090.00'),
(240, 30741, '2017-01-30', '1988.00'),
(241, 30711, '2017-01-30', '3749.00'),
(242, 32711, '2017-02-01', '1045.00'),
(243, 33731, '2017-02-02', '4355.00'),
(244, 37741, '2017-02-06', '1179.50'),
(245, 37742, '2017-02-06', '3960.00'),
(246, 39711, '2017-02-08', '1265.00'),
(247, 40731, '2017-02-09', '3819.00'),
(248, 44741, '2017-02-13', '1327.50'),
(249, 44711, '2017-02-13', '2903.60'),
(250, 46711, '2017-02-15', '840.00'),
(251, 47731, '2017-02-16', '4077.00'),
(252, 51741, '2017-02-20', '1467.00'),
(253, 51742, '2017-03-20', '2384.00'),
(254, 51711, '2017-03-20', '2526.00'),
(255, 53711, '2017-02-22', '619.00'),
(256, 55731, '2017-02-24', '3425.00'),
(257, 60741, '2017-03-01', '934.00'),
(259, 61731, '2017-03-02', '3830.00'),
(260, 66741, '2017-03-07', '1522.80'),
(261, 68731, '2017-03-09', '5540.00'),
(262, 72741, '2017-03-13', '921.35'),
(263, 72742, '2017-03-13', '3306.00'),
(264, 60711, '2017-03-01', '757.00'),
(265, 67711, '2017-03-08', '1481.05'),
(266, 74711, '2017-03-15', '829.80'),
(267, 75731, '2017-03-16', '3732.00'),
(268, 79741, '2017-03-20', '2037.00'),
(269, 80741, '2017-03-21', '600.00'),
(270, 80711, '2017-03-21', '899.00'),
(271, 82731, '2017-03-23', '4013.00'),
(272, 87741, '2017-03-28', '1818.25'),
(273, 89731, '2017-03-30', '4736.00'),
(274, 88711, '2017-03-29', '837.30'),
(276, 334611, '2016-11-29', '1710.00');

-- --------------------------------------------------------

--
-- Estructura de tabla para la tabla `lotes`
--

CREATE TABLE `lotes` (
  `id_lote` int(11) NOT NULL,
  `proveedor` int(11) NOT NULL
) ENGINE=InnoDB DEFAULT CHARSET=utf8 COLLATE=utf8_spanish2_ci;

--
-- Volcado de datos para la tabla `lotes`
--

INSERT INTO `lotes` (`id_lote`, `proveedor`) VALUES
(2711, 1),
(4711, 1),
(5611, 1),
(6611, 1),
(11611, 1),
(11711, 1),
(13611, 1),
(16711, 1),
(18611, 1),
(18711, 1),
(20611, 1),
(23711, 1),
(25611, 1),
(25711, 1),
(27611, 1),
(30711, 1),
(32711, 1),
(34611, 1),
(39711, 1),
(41611, 1),
(44711, 1),
(46711, 1),
(48611, 1),
(51711, 1),
(53711, 1),
(55611, 1),
(60711, 1),
(62611, 1),
(67711, 1),
(68611, 1),
(69611, 1),
(74711, 1),
(76611, 1),
(80711, 1),
(81611, 1),
(88611, 1),
(88711, 1),
(90611, 1),
(95611, 1),
(97611, 1),
(102611, 1),
(104611, 1),
(109611, 1),
(111611, 1),
(118611, 1),
(125611, 1),
(132611, 1),
(137611, 1),
(139611, 1),
(144611, 1),
(146611, 1),
(151611, 1),
(153611, 1),
(160611, 1),
(166611, 1),
(174611, 1),
(179611, 1),
(181611, 1),
(186611, 1),
(187611, 1),
(193611, 1),
(195611, 1),
(202611, 1),
(207611, 1),
(209611, 1),
(216611, 1),
(221611, 1),
(223611, 1),
(229611, 1),
(235611, 1),
(237611, 1),
(242611, 1),
(244611, 1),
(250611, 1),
(258611, 1),
(265611, 1),
(272611, 1),
(277611, 1),
(279611, 1),
(286611, 1),
(291611, 1),
(293611, 1),
(299611, 1),
(305611, 1),
(307611, 1),
(312611, 1),
(314611, 1),
(319611, 1),
(326611, 1),
(328611, 1),
(334611, 1),
(335611, 1),
(340611, 1),
(347611, 1),
(349611, 1),
(354611, 1),
(361611, 1),
(6731, 3),
(7631, 3),
(8631, 3),
(12731, 3),
(14631, 3),
(15631, 3),
(19731, 3),
(21631, 3),
(22631, 3),
(26731, 3),
(28631, 3),
(29631, 3),
(33731, 3),
(35631, 3),
(36631, 3),
(40731, 3),
(42631, 3),
(43631, 3),
(47731, 3),
(49631, 3),
(50631, 3),
(55731, 3),
(56631, 3),
(57631, 3),
(61731, 3),
(63631, 3),
(64631, 3),
(68731, 3),
(70631, 3),
(71631, 3),
(75731, 3),
(76631, 3),
(77631, 3),
(78631, 3),
(82731, 3),
(89731, 3),
(91631, 3),
(92631, 3),
(98631, 3),
(99631, 3),
(105631, 3),
(106631, 3),
(112631, 3),
(113631, 3),
(119631, 3),
(120631, 3),
(126631, 3),
(127631, 3),
(133631, 3),
(134631, 3),
(140631, 3),
(141631, 3),
(147631, 3),
(154631, 3),
(161631, 3),
(166631, 3),
(175631, 3),
(182631, 3),
(188631, 3),
(196631, 3),
(203631, 3),
(210631, 3),
(217631, 3),
(224631, 3),
(225631, 3),
(231631, 3),
(239631, 3),
(246631, 3),
(252631, 3),
(259631, 3),
(266631, 3),
(273631, 3),
(280631, 3),
(287631, 3),
(294631, 3),
(301631, 3),
(308631, 3),
(315631, 3),
(322631, 3),
(329631, 3),
(336631, 3),
(343631, 3),
(347631, 3),
(349631, 3),
(350631, 3),
(2741, 4),
(4641, 4),
(9741, 4),
(9742, 4),
(11641, 4),
(12641, 4),
(16741, 4),
(18641, 4),
(18642, 4),
(20641, 4),
(23741, 4),
(23742, 4),
(25641, 4),
(27641, 4),
(30741, 4),
(32641, 4),
(37741, 4),
(37742, 4),
(41641, 4),
(44741, 4),
(46641, 4),
(51741, 4),
(51742, 4),
(53641, 4),
(53642, 4),
(60641, 4),
(60642, 4),
(60741, 4),
(66741, 4),
(68641, 4),
(72741, 4),
(72742, 4),
(74641, 4),
(74642, 4),
(79741, 4),
(80741, 4),
(81641, 4),
(87741, 4),
(88641, 4),
(95641, 4),
(102641, 4),
(109641, 4),
(116641, 4),
(116642, 4),
(123641, 4),
(123642, 4),
(130641, 4),
(137641, 4),
(144641, 4),
(151641, 4),
(159641, 4),
(159642, 4),
(165641, 4),
(165642, 4),
(173641, 4),
(179641, 4),
(186641, 4),
(193641, 4),
(200641, 4),
(200642, 4),
(207641, 4),
(214641, 4),
(214642, 4),
(221641, 4),
(229641, 4),
(235641, 4),
(242641, 4),
(249641, 4),
(256641, 4),
(256642, 4),
(263641, 4),
(270641, 4),
(277641, 4),
(285641, 4),
(291641, 4),
(298641, 4),
(306641, 4),
(312641, 4),
(319641, 4),
(326641, 4),
(334641, 4),
(334642, 4),
(340641, 4),
(340642, 4),
(347642, 4),
(354641, 4),
(356641, 4),
(361641, 4);

-- --------------------------------------------------------

--
-- Estructura de tabla para la tabla `procesoenespera`
--

CREATE TABLE `procesoenespera` (
  `idProceso` int(11) NOT NULL,
  `fecha` date NOT NULL,
  `cantidad` decimal(7,2) NOT NULL,
  `idProcesoEnEspera` int(11) NOT NULL
) ENGINE=InnoDB DEFAULT CHARSET=utf8 COLLATE=utf8_spanish2_ci;

--
-- Volcado de datos para la tabla `procesoenespera`
--

INSERT INTO `procesoenespera` (`idProceso`, `fecha`, `cantidad`, `idProcesoEnEspera`) VALUES
(1, '2016-03-02', '0.00', 1),
(2, '2016-03-02', '0.00', 2),
(3, '2016-03-02', '0.00', 3),
(4, '2016-03-31', '130.00', 4),
(5, '2016-03-31', '0.00', 5),
(6, '2016-03-31', '0.00', 6),
(7, '2016-03-31', '110.00', 7),
(8, '2016-03-30', '0.00', 8),
(9, '2016-03-30', '0.00', 9),
(10, '2016-03-30', '0.00', 10),
(12, '2016-03-28', '0.00', 12),
(13, '2016-03-28', '0.00', 13),
(14, '2016-03-28', '0.00', 14),
(15, '2016-03-28', '0.00', 15),
(16, '2016-03-28', '0.00', 16),
(17, '2016-03-21', '0.00', 17),
(18, '2016-03-21', '0.00', 18),
(19, '2016-03-21', '12.00', 19),
(20, '2016-03-21', '0.00', 20),
(21, '2016-03-21', '0.00', 21),
(22, '2016-03-21', '0.00', 22),
(23, '2016-03-21', '0.00', 23),
(24, '2016-03-21', '0.00', 24),
(25, '2016-03-21', '0.00', 25),
(26, '2016-03-18', '0.00', 26),
(27, '2016-03-18', '0.00', 27),
(28, '2016-03-17', '0.00', 28),
(29, '2016-03-16', '0.00', 29),
(30, '2016-03-16', '0.00', 30),
(31, '2016-03-16', '0.00', 31),
(32, '2016-03-16', '0.00', 32),
(33, '2016-03-16', '0.00', 33),
(34, '2016-03-14', '24.00', 34),
(35, '2016-03-14', '0.00', 35),
(36, '2016-03-14', '0.00', 36),
(37, '2016-03-14', '0.00', 37),
(38, '2016-03-14', '0.00', 38),
(39, '2016-03-14', '0.00', 39),
(40, '2016-03-11', '100.00', 40),
(41, '2016-03-11', '0.00', 41),
(42, '2016-03-11', '0.00', 42),
(43, '2016-03-10', '0.00', 43),
(44, '2016-03-09', '0.00', 44),
(45, '2016-03-09', '0.00', 45),
(46, '2016-03-09', '0.00', 46),
(47, '2016-03-08', '0.00', 47),
(48, '2016-03-08', '32.00', 48),
(49, '2016-03-08', '0.00', 49),
(50, '2016-03-08', '0.00', 50),
(51, '2016-03-08', '0.00', 51),
(52, '2016-03-08', '0.00', 52),
(53, '2016-03-04', '0.00', 53),
(54, '2016-03-04', '25.00', 54),
(55, '2016-03-04', '0.00', 55),
(56, '2016-03-03', '0.00', 56),
(57, '2016-03-03', '0.00', 57),
(58, '2016-03-03', '0.00', 58),
(59, '2016-01-04', '16.00', 59),
(60, '2016-01-04', '0.00', 60),
(61, '2016-01-04', '0.00', 61),
(62, '2016-01-04', '0.00', 62),
(63, '2016-01-05', '0.00', 63),
(64, '2016-01-05', '0.00', 64),
(67, '2016-01-06', '38.08', 67),
(68, '2016-01-06', '212.16', 68),
(69, '2016-01-06', '12.00', 69),
(70, '2016-01-07', '400.00', 70),
(71, '2016-01-07', '0.00', 71),
(72, '2016-01-08', '140.00', 72),
(73, '2016-01-08', '0.00', 73),
(74, '2016-01-08', '37.00', 74),
(75, '2016-01-08', '0.00', 75),
(76, '2016-01-11', '0.00', 76),
(77, '2016-01-11', '0.00', 77),
(78, '2016-01-11', '0.00', 78),
(79, '2016-01-11', '0.00', 79),
(80, '2016-01-11', '42.00', 80),
(81, '2016-01-12', '40.00', 81),
(82, '2016-01-13', '0.00', 82),
(83, '2016-01-13', '0.00', 83),
(84, '2016-01-13', '12.00', 84),
(85, '2016-01-14', '200.00', 85),
(86, '2016-01-14', '0.00', 86),
(87, '2016-01-14', '0.00', 87),
(88, '2016-01-15', '0.00', 88),
(89, '2016-01-15', '0.00', 89),
(90, '2016-01-15', '26.00', 90),
(91, '2016-01-15', '0.00', 91),
(92, '2016-01-18', '128.00', 92),
(93, '2016-01-18', '0.00', 93),
(94, '2016-01-18', '0.00', 94),
(95, '2016-01-18', '0.00', 95),
(96, '2016-01-18', '0.00', 96),
(97, '2016-01-18', '0.00', 97),
(98, '2016-01-20', '144.00', 98),
(99, '2016-01-20', '220.00', 99),
(101, '2016-02-01', '392.00', 101),
(102, '2016-02-01', '0.00', 102),
(103, '2016-02-01', '590.00', 103),
(104, '2016-02-01', '0.00', 104),
(105, '2016-02-03', '0.00', 105),
(106, '2016-02-03', '0.00', 106),
(107, '2016-02-03', '0.00', 107),
(108, '2016-02-03', '48.00', 108),
(109, '2016-02-04', '110.00', 109),
(110, '2016-02-04', '0.00', 110),
(111, '2016-02-05', '0.00', 111),
(112, '2016-02-05', '0.00', 112),
(113, '2016-02-05', '0.00', 113),
(114, '2016-02-05', '0.00', 114),
(115, '2016-02-10', '136.00', 115),
(116, '2016-02-10', '0.00', 116),
(117, '2016-02-10', '0.00', 117),
(118, '2016-02-10', '0.00', 118),
(119, '2016-02-10', '0.00', 119),
(120, '2016-02-10', '0.00', 120),
(121, '2016-02-10', '48.00', 121),
(122, '2016-02-11', '0.00', 122),
(123, '2016-02-11', '0.00', 123),
(124, '2016-02-11', '0.00', 124),
(125, '2016-02-12', '0.00', 125),
(126, '2016-02-12', '0.00', 126),
(127, '2016-02-12', '0.00', 127),
(128, '2016-02-15', '72.00', 128),
(129, '2016-02-15', '0.00', 129),
(130, '2016-02-15', '0.00', 130),
(131, '2016-02-15', '570.00', 131),
(132, '2016-02-15', '0.00', 132),
(133, '2016-02-17', '0.00', 133),
(134, '2016-02-17', '0.00', 134),
(135, '2016-02-17', '0.00', 135),
(136, '2016-02-17', '18.00', 136),
(137, '2016-02-18', '0.00', 137),
(138, '2016-02-18', '0.00', 138),
(139, '2016-02-18', '0.00', 139),
(140, '2016-02-19', '0.00', 140),
(141, '2016-02-19', '0.00', 141),
(142, '2016-02-19', '0.00', 142),
(143, '2016-02-19', '0.00', 143),
(144, '2016-02-19', '0.00', 144),
(145, '2016-02-22', '0.00', 145),
(146, '2016-02-22', '0.00', 146),
(147, '2016-02-22', '0.00', 147),
(148, '2016-02-22', '0.00', 148),
(149, '2016-02-22', '0.00', 149),
(150, '2016-02-22', '40.00', 150),
(151, '2016-02-22', '0.00', 151),
(152, '2016-02-24', '0.00', 152),
(153, '2016-02-24', '0.00', 153),
(154, '2016-02-24', '0.00', 154),
(155, '2016-02-25', '0.00', 155),
(156, '2016-02-25', '0.00', 156),
(157, '2016-02-26', '190.00', 157),
(158, '2016-02-26', '0.00', 158),
(159, '2016-02-26', '0.00', 159),
(161, '2016-02-29', '152.00', 161),
(162, '2016-02-29', '0.00', 162),
(163, '2016-02-29', '0.00', 163),
(164, '2016-02-29', '0.00', 164),
(165, '2016-02-29', '310.00', 165),
(166, '2016-01-20', '81.60', 166),
(167, '2016-01-20', '212.16', 167),
(168, '2016-01-21', '325.00', 168),
(169, '2016-01-21', '0.00', 169),
(170, '2016-01-21', '0.00', 170),
(171, '2016-01-22', '0.00', 171),
(172, '2016-01-22', '0.00', 172),
(173, '2016-01-22', '130.00', 173),
(174, '2016-01-22', '0.00', 174),
(175, '2016-01-25', '144.00', 175),
(176, '2016-01-25', '0.00', 176),
(177, '2016-01-25', '70.00', 177),
(178, '2016-01-25', '0.00', 178),
(180, '2016-01-27', '0.00', 180),
(181, '2016-01-27', '0.00', 181),
(182, '2016-01-27', '200.00', 182),
(183, '2016-01-27', '500.00', 183),
(184, '2016-01-28', '480.00', 184),
(185, '2016-01-28', '0.00', 185),
(186, '2016-01-29', '0.00', 186),
(187, '2016-01-29', '0.00', 187),
(188, '2016-01-29', '13.00', 188),
(189, '2016-01-29', '0.00', 189),
(190, '2016-04-01', '0.00', 190),
(191, '2016-04-01', '500.00', 191),
(192, '2016-04-01', '0.00', 192),
(193, '2016-04-04', '24.00', 193),
(194, '2016-04-04', '0.00', 194),
(195, '2016-04-04', '0.00', 195),
(196, '2016-04-04', '0.00', 196),
(197, '2016-04-04', '0.00', 197),
(198, '2016-04-06', '0.00', 198),
(199, '2016-04-06', '0.00', 199),
(200, '2016-04-06', '24.00', 200),
(201, '2016-04-07', '0.00', 201),
(202, '2016-04-07', '0.00', 202),
(203, '2016-04-07', '0.00', 203),
(204, '2016-04-07', '153.00', 204),
(205, '2016-04-07', '0.00', 205),
(206, '2016-04-08', '0.00', 206),
(207, '2016-04-08', '0.00', 207),
(208, '2016-04-08', '0.00', 208),
(209, '2016-04-11', '0.00', 209),
(210, '2016-04-11', '0.00', 210),
(211, '2016-04-11', '0.00', 211),
(212, '2016-04-11', '0.00', 212),
(213, '2016-04-13', '0.00', 213),
(214, '2016-04-13', '0.00', 214),
(215, '2016-04-13', '0.00', 215),
(216, '2016-04-14', '60.00', 216),
(217, '2016-04-14', '0.00', 217),
(218, '2016-04-14', '0.00', 218),
(219, '2016-04-15', '0.00', 219),
(220, '2016-04-15', '0.00', 220),
(222, '2016-04-15', '120.00', 222),
(223, '2016-04-15', '0.00', 223),
(224, '2016-04-15', '0.00', 224),
(225, '2016-04-18', '0.00', 225),
(226, '2016-04-20', '0.00', 226),
(227, '2016-04-20', '0.00', 227),
(228, '2016-04-20', '0.00', 228),
(229, '2016-04-20', '48.00', 229),
(230, '2016-04-21', '20.00', 230),
(231, '2016-04-21', '0.00', 231),
(232, '2016-04-21', '0.00', 232),
(233, '2016-04-22', '0.00', 233),
(234, '2016-04-22', '0.00', 234),
(236, '2016-04-25', '0.00', 236),
(237, '2016-04-25', '0.00', 237),
(238, '2016-04-25', '0.00', 238),
(239, '2016-04-25', '160.00', 239),
(240, '2016-04-25', '1240.00', 240),
(241, '2016-04-27', '0.00', 241),
(242, '2016-04-27', '0.00', 242),
(243, '2016-04-27', '132.00', 243),
(244, '2016-04-27', '0.00', 244),
(245, '2016-04-28', '0.00', 245),
(246, '2016-04-28', '0.00', 246),
(247, '2016-04-28', '0.00', 247),
(248, '2016-04-29', '0.00', 248),
(250, '2016-05-02', '0.00', 250),
(251, '2016-05-02', '0.00', 251),
(252, '2016-05-02', '0.00', 252),
(253, '2016-05-02', '188.00', 253),
(254, '2016-05-02', '0.00', 254),
(255, '2016-05-04', '0.00', 255),
(256, '2016-05-04', '0.00', 256),
(257, '2016-05-04', '48.00', 257),
(258, '2016-05-05', '20.00', 258),
(259, '2016-05-05', '0.00', 259),
(260, '2016-05-05', '0.00', 260),
(261, '2016-05-06', '0.00', 261),
(262, '2016-05-06', '0.00', 262),
(263, '2016-05-09', '240.00', 263),
(264, '2016-05-09', '0.00', 264),
(265, '2016-05-09', '0.00', 265),
(266, '2016-05-09', '0.00', 266),
(267, '2016-05-09', '0.00', 267),
(268, '2016-05-11', '0.00', 268),
(269, '2016-05-11', '0.00', 269),
(270, '2016-05-11', '12.00', 270),
(271, '2016-05-11', '6.00', 271),
(272, '2016-05-12', '0.00', 272),
(273, '2016-05-12', '0.00', 273),
(274, '2016-05-12', '0.00', 274),
(275, '2016-05-13', '0.00', 275),
(277, '2016-05-16', '0.00', 277),
(278, '2016-05-16', '0.00', 278),
(279, '2016-05-16', '0.00', 279),
(280, '2016-05-16', '0.00', 280),
(281, '2016-05-16', '0.00', 281),
(282, '2016-05-16', '1536.00', 282),
(283, '2016-05-16', '30.00', 283),
(284, '2016-05-18', '0.00', 284),
(285, '2016-05-18', '0.00', 285),
(286, '2016-05-18', '240.00', 286),
(287, '2016-05-19', '0.00', 287),
(288, '2016-05-19', '0.00', 288),
(289, '2016-05-20', '0.00', 289),
(291, '2016-05-23', '320.00', 291),
(292, '2016-05-23', '0.00', 292),
(293, '2016-05-23', '0.00', 293),
(294, '2016-05-23', '10.00', 294),
(295, '2016-05-23', '792.00', 295),
(296, '2016-05-23', '156.00', 296),
(297, '2016-05-25', '0.00', 297),
(299, '2016-05-25', '0.00', 299),
(300, '2016-05-25', '828.00', 300),
(301, '2016-05-26', '15.00', 301),
(302, '2016-05-26', '0.00', 302),
(303, '2016-05-26', '0.00', 303),
(304, '2016-05-26', '55.00', 304),
(305, '2016-05-26', '0.00', 305),
(306, '2016-05-30', '288.00', 306),
(307, '2016-05-30', '0.00', 307),
(308, '2016-05-30', '0.00', 308),
(309, '2016-05-30', '0.00', 309),
(310, '2016-05-30', '2640.00', 310),
(311, '2016-06-01', '0.00', 311),
(312, '2016-06-01', '0.00', 312),
(313, '2016-06-02', '155.00', 313),
(314, '2016-06-02', '0.00', 314),
(315, '2016-06-02', '0.00', 315),
(316, '2016-06-02', '0.00', 316),
(317, '2016-06-07', '0.00', 317),
(318, '2016-06-07', '0.00', 318),
(319, '2016-06-07', '0.00', 319),
(320, '2016-06-07', '0.00', 320),
(321, '2016-06-07', '0.00', 321),
(322, '2016-06-07', '0.00', 322),
(323, '2016-06-07', '0.00', 323),
(324, '2016-06-08', '0.00', 324),
(325, '2016-06-08', '0.00', 325),
(326, '2016-06-08', '312.00', 326),
(327, '2016-06-08', '6.00', 327),
(328, '2016-06-09', '0.00', 328),
(329, '2016-06-09', '0.00', 329),
(330, '2016-06-09', '31.00', 330),
(331, '2016-06-09', '0.00', 331),
(332, '2016-06-13', '0.00', 332),
(333, '2016-06-13', '0.00', 333),
(334, '2016-06-13', '0.00', 334),
(335, '2016-06-13', '0.00', 335),
(337, '2016-06-13', '60.00', 337),
(338, '2016-06-15', '0.00', 338),
(339, '2016-06-15', '0.00', 339),
(340, '2016-06-15', '300.00', 340),
(341, '2016-06-15', '12.00', 341),
(342, '2016-06-15', '85.00', 342),
(343, '2016-06-15', '0.00', 343),
(344, '2016-06-15', '0.00', 344),
(345, '2016-06-15', '10.00', 345),
(347, '2016-06-21', '118.00', 347),
(348, '2016-06-21', '0.00', 348),
(349, '2016-06-21', '0.00', 349),
(350, '2016-06-21', '70.00', 350),
(351, '2016-06-22', '0.00', 351),
(352, '2016-06-22', '0.00', 352),
(353, '2016-06-22', '516.00', 353),
(354, '2016-06-23', '0.00', 354),
(355, '2016-06-23', '0.00', 355),
(356, '2016-06-23', '0.00', 356),
(357, '2016-06-27', '208.00', 357),
(358, '2016-06-27', '0.00', 358),
(359, '2016-06-27', '0.00', 359),
(360, '2016-06-27', '0.00', 360),
(361, '2016-06-27', '2592.00', 361),
(362, '2016-06-29', '114.24', 362),
(363, '2016-06-29', '233.92', 363),
(364, '2016-06-29', '18.00', 364),
(365, '2016-06-30', '0.00', 365),
(366, '2016-06-30', '0.00', 366),
(367, '2016-06-30', '10.00', 367),
(369, '2016-07-04', '192.00', 369),
(370, '2016-07-04', '0.00', 370),
(371, '2016-07-04', '0.00', 371),
(372, '2016-07-04', '0.00', 372),
(373, '2016-07-04', '1584.00', 373),
(374, '2016-07-05', '0.00', 374),
(375, '2016-07-05', '0.00', 375),
(376, '2016-07-05', '39.00', 376),
(377, '2016-07-06', '10.00', 377),
(378, '2016-07-06', '0.00', 378),
(379, '2016-07-06', '0.00', 379),
(380, '2016-07-06', '0.00', 380),
(381, '2016-07-11', '152.00', 381),
(382, '2016-07-11', '0.00', 382),
(383, '2016-07-11', '0.00', 383),
(384, '2016-07-11', '0.00', 384),
(385, '2016-07-11', '2016.00', 385),
(386, '2016-07-11', '20.00', 386),
(387, '2016-07-13', '0.00', 387),
(388, '2016-07-13', '0.00', 388),
(389, '2016-07-13', '4.00', 389),
(390, '2016-07-14', '0.00', 390),
(391, '2016-07-14', '0.00', 391),
(392, '2016-07-14', '0.00', 392),
(393, '2016-07-18', '0.00', 393),
(394, '2016-07-18', '0.00', 394),
(395, '2016-07-18', '0.00', 395),
(396, '2016-07-18', '0.00', 396),
(397, '2016-07-18', '0.00', 397),
(398, '2016-07-18', '0.00', 398),
(399, '2016-07-20', '0.00', 399),
(400, '2016-07-20', '0.00', 400),
(401, '2016-07-20', '24.00', 401),
(402, '2016-07-21', '250.00', 402),
(403, '2016-07-21', '0.00', 403),
(404, '2016-07-21', '0.00', 404),
(405, '2016-07-21', '37.00', 405),
(406, '2016-07-21', '0.00', 406),
(407, '2016-07-25', '0.00', 407),
(408, '2016-07-25', '0.00', 408),
(409, '2016-07-25', '80.00', 409),
(410, '2016-07-25', '0.00', 410),
(411, '2016-07-25', '1092.00', 411),
(412, '2016-07-25', '0.00', 412),
(413, '2016-07-27', '0.00', 413),
(414, '2016-07-27', '0.00', 414),
(415, '2016-07-27', '60.00', 415),
(416, '2016-07-28', '155.00', 416),
(417, '2016-07-28', '0.00', 417),
(418, '2016-07-28', '0.00', 418),
(419, '2016-07-28', '0.00', 419),
(420, '2016-08-01', '16.00', 420),
(421, '2016-08-01', '0.00', 421),
(422, '2016-08-01', '0.00', 422),
(423, '2016-08-01', '0.00', 423),
(424, '2016-08-01', '0.00', 424),
(425, '2016-08-01', '880.00', 425),
(426, '2016-08-03', '0.00', 426),
(427, '2016-08-03', '0.00', 427),
(428, '2016-08-03', '12.00', 428),
(429, '2016-08-04', '0.00', 429),
(430, '2016-08-04', '0.00', 430),
(431, '2016-08-04', '0.00', 431),
(432, '2016-08-04', '0.00', 432),
(433, '2016-08-08', '160.00', 433),
(434, '2016-08-08', '0.00', 434),
(435, '2016-08-08', '0.00', 435),
(436, '2016-08-08', '100.00', 436),
(437, '2016-08-08', '0.00', 437),
(438, '2016-08-08', '1320.00', 438),
(439, '2016-08-10', '0.00', 439),
(440, '2016-08-10', '0.00', 440),
(441, '2016-08-10', '36.00', 441),
(442, '2016-08-10', '36.00', 442),
(443, '2016-08-11', '0.00', 443),
(444, '2016-08-12', '0.00', 444),
(445, '2016-08-12', '0.00', 445),
(446, '2016-08-12', '0.00', 446),
(447, '2016-08-16', '232.00', 447),
(448, '2016-08-16', '0.00', 448),
(449, '2016-08-16', '0.00', 449),
(450, '2016-08-16', '220.00', 450),
(451, '2016-08-16', '0.00', 451),
(452, '2016-08-16', '0.00', 452),
(453, '2016-08-16', '0.00', 453),
(454, '2016-08-16', '948.00', 454),
(455, '2016-08-16', '36.00', 455),
(456, '2016-08-18', '0.00', 456),
(457, '2016-08-18', '0.00', 457),
(458, '2016-08-18', '0.00', 458),
(459, '2016-08-22', '0.00', 459),
(460, '2016-08-22', '0.00', 460),
(461, '2016-08-22', '0.00', 461),
(462, '2016-08-22', '100.00', 462),
(463, '2016-08-22', '0.00', 463),
(464, '2016-08-22', '1146.00', 464),
(465, '2016-08-24', '0.10', 465),
(466, '2016-08-24', '0.00', 466),
(467, '2016-08-24', '60.00', 467),
(468, '2016-08-24', '42.00', 468),
(469, '2016-08-26', '0.00', 469),
(470, '2016-08-26', '0.00', 470),
(471, '2016-08-26', '0.00', 471),
(472, '2016-08-29', '48.00', 472),
(473, '2016-08-29', '0.00', 473),
(474, '2016-08-29', '0.00', 474),
(475, '2016-08-29', '80.00', 475),
(476, '2016-08-29', '0.00', 476),
(477, '2016-08-29', '1884.00', 477),
(478, '2016-08-31', '0.00', 478),
(479, '2016-08-31', '0.00', 479),
(480, '2016-08-31', '36.00', 480),
(481, '2016-09-01', '0.00', 481),
(482, '2016-09-01', '0.00', 482),
(483, '2016-09-01', '0.00', 483),
(484, '2016-09-05', '176.00', 484),
(485, '2016-09-05', '0.00', 485),
(486, '2016-09-05', '0.00', 486),
(487, '2016-09-05', '0.00', 487),
(488, '2016-09-06', '0.00', 488),
(489, '2016-09-06', '0.00', 489),
(490, '2016-09-06', '276.00', 490),
(491, '2016-09-06', '24.00', 491),
(492, '2016-09-08', '0.00', 492),
(493, '2016-09-08', '0.00', 493),
(494, '2016-09-08', '0.00', 494),
(495, '2016-09-12', '88.00', 495),
(496, '2016-09-12', '0.00', 496),
(497, '2016-09-12', '0.00', 497),
(498, '2016-09-12', '0.00', 498),
(499, '2016-09-12', '0.00', 499),
(500, '2016-09-12', '0.00', 500),
(501, '2016-09-12', '650.00', 501),
(502, '2016-09-14', '0.00', 502),
(503, '2016-09-14', '48.00', 503),
(504, '2016-09-15', '0.00', 504),
(505, '2016-09-15', '0.00', 505),
(506, '2016-09-19', '0.00', 506),
(507, '2016-09-19', '0.00', 507),
(508, '2016-09-19', '0.00', 508),
(509, '2016-09-19', '0.00', 509),
(510, '2016-09-19', '0.00', 510),
(511, '2016-09-21', '276.00', 511),
(512, '2016-09-21', '90.00', 512),
(513, '2016-09-22', '0.00', 513),
(514, '2016-09-22', '0.00', 514),
(515, '2016-09-22', '0.00', 515),
(516, '2016-09-26', '80.00', 516),
(517, '2016-09-26', '0.00', 517),
(519, '2016-09-28', '0.00', 519),
(520, '2016-09-28', '0.00', 520),
(521, '2016-09-28', '60.00', 521),
(522, '2016-09-28', '12.00', 522),
(523, '2016-09-29', '0.00', 523),
(524, '2016-09-29', '0.00', 524),
(525, '2016-09-29', '0.00', 525),
(526, '2016-10-03', '120.00', 526),
(527, '2016-10-03', '0.00', 527),
(528, '2016-10-03', '0.00', 528),
(529, '2016-10-03', '0.00', 529),
(530, '2016-10-03', '0.00', 530),
(531, '2016-10-03', '624.00', 531),
(532, '2016-10-03', '487.00', 532),
(533, '2016-10-05', '0.00', 533),
(534, '2016-10-05', '0.00', 534),
(535, '2016-10-05', '72.00', 535),
(536, '2016-10-06', '300.00', 536),
(537, '2016-10-06', '0.00', 537),
(538, '2016-10-06', '0.00', 538),
(539, '2016-10-06', '0.00', 539),
(540, '2016-10-11', '64.00', 540),
(541, '2016-10-11', '0.00', 541),
(542, '2016-10-11', '0.00', 542),
(543, '2016-10-11', '90.00', 543),
(544, '2016-10-11', '0.00', 544),
(545, '2016-10-12', '0.00', 545),
(546, '2016-10-12', '0.00', 546),
(547, '2016-10-12', '60.00', 547),
(548, '2016-10-12', '12.00', 548),
(549, '2016-10-13', '730.00', 549),
(550, '2016-10-13', '0.00', 550),
(551, '2016-10-13', '0.00', 551),
(552, '2016-10-13', '0.00', 552),
(553, '2016-10-17', '72.00', 553),
(554, '2016-10-17', '0.00', 554),
(555, '2016-10-17', '0.00', 555),
(556, '2016-10-17', '0.00', 556),
(557, '2016-10-17', '0.00', 557),
(558, '2016-10-17', '1356.00', 558),
(559, '2016-10-19', '212.16', 559),
(560, '2016-10-19', '288.32', 560),
(561, '2016-10-19', '48.00', 561),
(562, '2016-10-19', '24.00', 562),
(563, '2016-10-20', '70.00', 563),
(564, '2016-10-20', '1475.00', 564),
(565, '2016-10-20', '214.00', 565),
(566, '2016-10-20', '679.50', 566),
(568, '2016-10-24', '112.00', 568),
(569, '2016-10-24', '100.00', 569),
(570, '2016-10-24', '310.00', 570),
(571, '2016-10-24', '0.00', 571),
(572, '2016-10-25', '1376.32', 572),
(573, '2016-10-25', '163.20', 573),
(574, '2016-10-25', '132.00', 574),
(575, '2016-10-25', '24.00', 575),
(576, '2016-10-27', '60.00', 576),
(577, '2016-10-27', '1525.00', 577),
(578, '2016-10-27', '339.00', 578),
(579, '2016-10-27', '654.00', 579),
(580, '2016-10-31', '1000.96', 580),
(581, '2016-10-31', '24.00', 581),
(582, '2016-01-18', '0.00', 582),
(583, '2016-01-25', '0.00', 583),
(584, '2016-02-26', '0.00', 584),
(585, '2016-04-15', '0.00', 585),
(586, '2016-04-22', '0.00', 586),
(587, '2016-03-30', '0.00', 587),
(588, '2016-04-29', '0.00', 588),
(589, '2016-05-13', '0.00', 589),
(590, '2016-05-20', '0.00', 590),
(591, '2016-06-15', '0.00', 591),
(592, '2016-06-13', '0.00', 592),
(593, '2016-06-30', '0.00', 593),
(594, '2016-11-01', '120.00', 594),
(595, '2016-11-01', '100.00', 595),
(596, '2016-11-01', '275.00', 596),
(597, '2016-11-01', '170.00', 597),
(598, '2016-11-02', '223.04', 598),
(599, '2016-11-02', '391.68', 599),
(600, '2016-11-02', '36.00', 600),
(601, '2016-11-02', '12.00', 601),
(602, '2016-11-03', '120.00', 602),
(603, '2016-11-03', '1350.00', 603),
(604, '2016-11-03', '264.00', 604),
(605, '2016-11-03', '743.00', 605),
(606, '2016-11-07', '200.00', 606),
(607, '2016-11-07', '75.00', 607),
(608, '2016-11-07', '295.00', 608),
(609, '2016-11-07', '20.00', 609),
(610, '2016-11-07', '1776.00', 610),
(611, '2016-11-07', '96.00', 611),
(612, '2016-11-09', '304.64', 612),
(613, '2016-11-09', '391.68', 613),
(614, '2016-11-09', '540.00', 614),
(615, '2016-11-10', '20.00', 615),
(616, '2016-11-10', '1450.00', 616),
(617, '2016-11-10', '439.00', 617),
(618, '2016-11-10', '568.00', 618),
(619, '2016-11-14', '176.00', 619),
(620, '2016-11-14', '100.00', 620),
(621, '2016-11-14', '260.00', 621),
(622, '2016-11-14', '30.00', 622),
(623, '2016-11-14', '68.00', 623),
(624, '2016-11-14', '2280.00', 624),
(625, '2016-11-17', '480.00', 625),
(626, '2016-11-17', '1456.00', 626),
(627, '2016-11-17', '169.00', 627),
(628, '2016-11-17', '863.00', 628),
(629, '2016-11-21', '24.00', 629),
(630, '2016-11-21', '325.00', 630),
(631, '2016-11-21', '325.00', 631),
(632, '2016-11-21', '150.00', 632),
(633, '2016-11-21', '77.00', 633),
(634, '2016-11-21', '1476.00', 634),
(635, '2016-11-21', '18.00', 635),
(636, '2016-11-23', '255.68', 636),
(637, '2016-11-21', '391.68', 637),
(638, '2016-11-23', '24.00', 638),
(639, '2016-11-24', '1150.00', 639),
(640, '2016-11-24', '282.00', 640),
(641, '2016-11-24', '650.00', 641),
(642, '2016-11-29', '350.00', 642),
(643, '2016-11-29', '315.00', 643),
(644, '2016-11-29', '40.00', 644),
(645, '2016-11-29', '89.40', 645),
(646, '2016-11-29', '43.80', 646),
(647, '2016-11-29', '650.00', 647),
(651, '2016-11-30', '391.68', 651),
(652, '2016-11-30', '48.00', 652),
(653, '2016-12-12', '1944.00', 653),
(654, '2016-12-12', '500.00', 654),
(655, '2016-12-12', '225.00', 655),
(656, '2016-12-12', '384.20', 656),
(657, '2016-12-12', '104.60', 657),
(658, '2016-12-08', '750.00', 658),
(659, '2016-12-08', '232.00', 659),
(660, '2016-12-08', '1025.00', 660),
(661, '2016-12-08', '50.00', 661),
(662, '2016-12-05', '337.28', 662),
(663, '2016-12-05', '391.68', 663),
(664, '2016-12-05', '744.00', 664),
(665, '2016-12-05', '60.00', 665),
(666, '2016-12-05', '328.00', 666),
(667, '2016-12-05', '480.00', 667),
(668, '2016-12-05', '450.00', 668),
(669, '2016-12-05', '323.00', 669),
(670, '2016-12-05', '89.00', 670),
(671, '2016-12-01', '120.00', 671),
(672, '2016-12-01', '1000.00', 672),
(673, '2016-12-01', '182.00', 673),
(674, '2016-12-01', '0.00', 674),
(675, '2016-12-01', '750.00', 675),
(676, '2016-12-14', '304.64', 676),
(677, '2016-12-14', '359.04', 677),
(678, '2016-12-14', '300.00', 678),
(679, '2016-12-14', '0.00', 679),
(680, '2016-12-14', '950.00', 680),
(681, '2016-12-15', '40.00', 681),
(682, '2016-12-15', '1925.00', 682),
(683, '2016-12-15', '21.00', 683),
(684, '2016-12-19', '425.00', 684),
(685, '2016-12-19', '420.70', 685),
(686, '2016-12-19', '74.60', 686),
(687, '2016-12-19', '250.24', 687),
(688, '2016-12-19', '353.60', 688),
(689, '2016-12-21', '272.00', 689),
(690, '2016-12-21', '40.00', 690),
(691, '2016-12-21', '440.00', 691),
(692, '2016-12-26', '500.00', 692),
(693, '2016-12-26', '420.60', 693),
(694, '2016-12-26', '74.80', 694),
(695, '2016-12-26', '266.56', 695),
(696, '2016-12-26', '353.60', 696),
(697, '2016-09-16', '0.00', 697),
(698, '2016-09-26', '0.00', 698),
(699, '2017-01-02', '0.00', 699),
(700, '2017-01-02', '0.00', 700),
(701, '2017-01-02', '0.00', 701),
(702, '2017-01-02', '60.00', 702),
(703, '2017-01-02', '0.00', 703),
(704, '2017-01-02', '1812.00', 704),
(705, '2017-01-04', '0.00', 705),
(706, '2017-01-04', '0.00', 706),
(707, '2017-01-06', '0.00', 707),
(708, '2017-01-06', '0.00', 708),
(709, '2017-01-06', '0.00', 709),
(710, '2017-01-06', '0.00', 710),
(711, '2017-01-09', '0.00', 711),
(712, '2017-01-09', '0.00', 712),
(713, '2017-01-09', '0.00', 713),
(714, '2017-01-09', '0.00', 714),
(715, '2017-01-09', '0.00', 715),
(716, '2017-01-09', '0.00', 716),
(717, '2017-01-11', '0.00', 717),
(718, '2017-01-11', '0.00', 718),
(719, '2017-01-12', '180.00', 719),
(720, '2017-01-12', '0.00', 720),
(721, '2017-01-12', '0.00', 721),
(722, '2017-01-12', '0.00', 722),
(723, '2017-01-12', '0.00', 723),
(724, '2017-01-16', '0.00', 724),
(725, '2017-01-16', '0.00', 725),
(726, '2017-01-16', '0.00', 726),
(727, '2017-01-16', '20.00', 727),
(728, '2017-01-16', '0.00', 728),
(729, '2017-01-16', '2184.00', 729),
(730, '2017-01-16', '6.00', 730),
(731, '2017-01-18', '0.00', 731),
(732, '2017-01-18', '0.00', 732),
(733, '2017-01-18', '102.00', 733),
(734, '2017-01-19', '0.00', 734),
(735, '2017-01-19', '0.00', 735),
(736, '2017-01-19', '78.00', 736),
(737, '2017-01-19', '0.00', 737),
(738, '2017-01-23', '0.00', 738),
(739, '2017-01-23', '0.00', 739),
(740, '2017-01-23', '0.00', 740),
(741, '2017-01-23', '1476.00', 741),
(742, '2017-01-23', '24.00', 742),
(743, '2017-01-23', '24.00', 743),
(744, '2017-01-23', '0.00', 744),
(745, '2017-01-23', '300.00', 745),
(746, '2017-01-25', '0.00', 746),
(747, '2017-01-25', '0.00', 747),
(748, '2017-01-25', '36.00', 748),
(749, '2017-01-26', '110.00', 749),
(750, '2017-01-26', '0.00', 750),
(751, '2017-01-26', '0.00', 751),
(752, '2017-01-26', '0.00', 752),
(753, '2017-01-30', '0.00', 753),
(754, '2017-01-30', '0.00', 754),
(755, '2017-01-30', '430.00', 755),
(756, '2017-01-30', '0.00', 756),
(757, '2017-01-30', '1992.00', 757),
(758, '2017-01-30', '24.00', 758),
(759, '2017-02-01', '0.00', 759),
(760, '2017-02-01', '0.00', 760),
(761, '2017-02-02', '790.00', 761),
(762, '2017-02-01', '0.00', 762),
(763, '2017-02-02', '25.00', 763),
(764, '2017-02-02', '0.00', 764),
(765, '2017-02-06', '0.00', 765),
(766, '2017-02-06', '0.00', 766),
(767, '2017-02-06', '0.00', 767),
(768, '2017-02-06', '510.00', 768),
(769, '2017-02-06', '0.00', 769),
(770, '2017-02-06', '20.00', 770),
(771, '2017-02-06', '1580.00', 771),
(772, '2017-02-06', '0.00', 772),
(773, '2017-02-08', '0.00', 773),
(774, '2017-02-08', '0.00', 774),
(775, '2017-02-09', '140.00', 775),
(776, '2017-02-09', '0.00', 776),
(777, '2017-02-09', '0.00', 777),
(778, '2017-02-09', '0.00', 778),
(779, '2017-02-13', '0.00', 779),
(780, '2017-02-13', '0.00', 780),
(781, '2017-02-13', '0.00', 781),
(782, '2017-02-13', '0.00', 782),
(783, '2017-02-13', '1524.00', 783),
(784, '2017-02-15', '0.00', 784),
(785, '2017-02-15', '0.00', 785),
(786, '2017-02-16', '0.00', 786),
(787, '2017-02-16', '0.00', 787),
(788, '2017-02-16', '0.00', 788),
(789, '2017-02-16', '0.00', 789),
(790, '2017-02-20', '0.00', 790),
(791, '2017-02-20', '0.00', 791),
(792, '2017-02-20', '0.00', 792),
(793, '2017-02-20', '0.00', 793),
(794, '2017-02-20', '30.00', 794),
(795, '2017-02-20', '200.00', 795),
(796, '2017-02-20', '1332.00', 796),
(797, '2017-02-20', '6.00', 797),
(798, '2017-02-22', '0.00', 798),
(799, '2017-02-22', '0.00', 799),
(800, '2017-02-22', '6.00', 800),
(801, '2017-02-24', '0.00', 801),
(802, '2017-02-24', '0.00', 802),
(803, '2017-02-24', '0.00', 803),
(804, '2017-02-24', '0.00', 804),
(805, '2017-03-01', '0.00', 805),
(806, '2017-03-01', '0.00', 806),
(807, '2017-03-01', '0.50', 807),
(808, '2017-03-01', '0.00', 808),
(809, '2017-03-01', '0.00', 809),
(812, '2017-03-02', '0.00', 812),
(813, '2017-03-02', '0.00', 813),
(814, '2017-03-02', '0.00', 814),
(815, '2017-03-02', '0.70', 815),
(816, '2017-03-07', '0.00', 816),
(817, '2017-03-07', '0.00', 817),
(818, '2017-03-07', '0.00', 818),
(819, '2017-03-07', '0.00', 819),
(820, '2017-03-09', '0.00', 820),
(821, '2017-03-09', '0.00', 821),
(822, '2017-03-09', '0.00', 822),
(823, '2017-03-09', '0.00', 823),
(824, '2017-03-09', '0.00', 824),
(825, '2017-03-13', '0.00', 825),
(826, '2017-03-13', '0.00', 826),
(827, '2017-03-13', '0.00', 827),
(829, '2017-03-13', '200.00', 829),
(830, '2017-03-01', '0.00', 830),
(831, '2017-03-01', '0.00', 831),
(832, '2017-03-01', '36.00', 832),
(833, '2017-03-08', '174.08', 833),
(834, '2017-03-08', '266.56', 834),
(835, '2017-03-08', '54.00', 835),
(836, '2017-03-13', '80.00', 836),
(837, '2017-03-13', '38.20', 837),
(838, '2017-03-13', '112.00', 838),
(839, '2017-03-13', '100.00', 839),
(840, '2017-03-15', '174.08', 840),
(841, '2017-03-15', '244.80', 841),
(842, '2017-03-15', '36.00', 842),
(843, '2017-03-16', '0.00', 843),
(844, '2017-03-16', '0.00', 844),
(845, '2017-03-16', '0.00', 845),
(846, '2017-03-16', '0.00', 846),
(847, '2017-03-16', '0.00', 847),
(848, '2017-03-20', '200.00', 848),
(849, '2017-03-20', '0.00', 849),
(850, '2017-03-20', '0.05', 850),
(851, '2017-03-20', '0.00', 851),
(852, '2017-03-20', '0.00', 852),
(853, '2017-03-21', '260.00', 853),
(854, '2017-03-21', '0.00', 854),
(855, '2017-03-21', '0.00', 855),
(856, '2017-03-21', '54.00', 856),
(857, '2017-03-23', '0.00', 857),
(858, '2017-03-23', '0.00', 858),
(859, '2017-03-23', '0.00', 859),
(860, '2017-03-23', '20.00', 860),
(861, '2017-03-23', '0.00', 861),
(862, '2017-03-28', '104.00', 862),
(863, '2017-03-28', '25.00', 863),
(864, '2017-03-28', '0.00', 864),
(865, '2017-03-28', '220.00', 865),
(866, '2017-03-28', '0.00', 866),
(867, '2017-03-30', '150.00', 867),
(868, '2017-03-30', '0.00', 868),
(869, '2017-03-30', '0.00', 869),
(870, '2017-03-30', '208.00', 870),
(871, '2017-03-30', '-50.00', 871),
(873, '2017-03-29', '0.00', 873),
(874, '2017-03-29', '24.00', 874),
(875, '2017-03-29', '0.00', 875);

-- --------------------------------------------------------

--
-- Estructura de tabla para la tabla `procesos`
--

CREATE TABLE `procesos` (
  `idProceso` int(11) NOT NULL,
  `idIngreso` int(11) NOT NULL,
  `tipoProceso` int(11) NOT NULL,
  `fecha` date NOT NULL,
  `cantidad` decimal(7,2) NOT NULL
) ENGINE=InnoDB DEFAULT CHARSET=utf8 COLLATE=utf8_spanish2_ci;

--
-- Volcado de datos para la tabla `procesos`
--

INSERT INTO `procesos` (`idProceso`, `idIngreso`, `tipoProceso`, `fecha`, `cantidad`) VALUES
(1, 1, 1, '2016-03-02', '114.24'),
(2, 1, 5, '2016-03-02', '206.72'),
(3, 1, 8, '2016-03-02', '48.00'),
(4, 20, 2, '2016-03-31', '130.00'),
(5, 20, 1, '2016-03-31', '1080.00'),
(6, 20, 3, '2016-03-31', '14.00'),
(7, 20, 2, '2016-03-31', '110.00'),
(8, 19, 1, '2016-03-30', '391.68'),
(9, 19, 5, '2016-03-30', '456.96'),
(10, 19, 8, '2016-03-30', '36.00'),
(12, 18, 2, '2016-03-28', '80.00'),
(13, 18, 1, '2016-03-28', '150.00'),
(14, 18, 3, '2016-03-28', '255.00'),
(15, 18, 7, '2016-03-28', '250.00'),
(16, 17, 8, '2016-03-28', '1188.00'),
(17, 16, 5, '2016-03-21', '223.04'),
(18, 16, 8, '2016-03-21', '876.00'),
(19, 16, 6, '2016-03-21', '48.00'),
(20, 16, 1, '2016-03-21', '108.80'),
(21, 15, 2, '2016-03-21', '184.00'),
(22, 15, 1, '2016-03-21', '75.00'),
(23, 15, 3, '2016-03-21', '285.20'),
(24, 15, 7, '2016-03-21', '240.00'),
(25, 15, 5, '2016-03-21', '113.90'),
(26, 14, 1, '2016-03-18', '869.00'),
(27, 14, 3, '2016-03-18', '739.00'),
(28, 13, 5, '2016-03-17', '919.00'),
(29, 12, 1, '2016-03-16', '1350.00'),
(30, 11, 1, '2016-03-16', '130.56'),
(31, 11, 5, '2016-03-16', '217.60'),
(32, 11, 8, '2016-03-16', '48.00'),
(33, 11, 7, '2016-03-16', '36.00'),
(34, 10, 2, '2016-03-14', '864.00'),
(35, 10, 3, '2016-03-14', '102.00'),
(36, 10, 7, '2016-03-14', '860.00'),
(37, 9, 1, '2016-03-14', '175.00'),
(38, 9, 3, '2016-03-14', '425.50'),
(39, 9, 5, '2016-03-14', '78.90'),
(40, 8, 2, '2016-03-11', '100.00'),
(41, 8, 3, '2016-03-11', '339.00'),
(42, 8, 5, '2016-03-11', '723.00'),
(43, 7, 1, '2016-03-10', '1270.00'),
(44, 6, 1, '2016-03-09', '125.12'),
(45, 6, 5, '2016-03-09', '212.16'),
(46, 6, 8, '2016-03-09', '24.00'),
(47, 5, 8, '2016-03-08', '1260.00'),
(48, 4, 2, '2016-03-08', '32.00'),
(49, 4, 1, '2016-03-08', '100.00'),
(50, 4, 3, '2016-03-08', '309.60'),
(51, 4, 7, '2016-03-08', '30.00'),
(52, 4, 5, '2016-03-08', '76.23'),
(53, 3, 1, '2016-03-04', '75.00'),
(54, 3, 3, '2016-03-04', '250.00'),
(55, 3, 5, '2016-03-04', '589.00'),
(56, 2, 2, '2016-03-03', '100.00'),
(57, 2, 1, '2016-03-03', '1150.00'),
(58, 2, 3, '2016-03-03', '14.00'),
(59, 21, 2, '2016-01-04', '136.00'),
(60, 21, 3, '2016-01-04', '605.10'),
(61, 21, 7, '2016-01-04', '180.00'),
(62, 21, 5, '2016-01-04', '110.00'),
(63, 22, 8, '2016-01-05', '1632.00'),
(64, 22, 7, '2016-01-05', '60.00'),
(67, 24, 1, '2016-01-06', '38.08'),
(68, 24, 5, '2016-01-06', '212.16'),
(69, 24, 7, '2016-01-06', '12.00'),
(70, 25, 2, '2016-01-07', '400.00'),
(71, 25, 1, '2016-01-07', '720.00'),
(72, 26, 2, '2016-01-08', '140.00'),
(73, 26, 3, '2016-01-08', '240.00'),
(74, 26, 7, '2016-01-08', '208.00'),
(75, 26, 5, '2016-01-08', '437.00'),
(76, 27, 2, '2016-01-11', '176.00'),
(77, 27, 3, '2016-01-11', '700.60'),
(78, 27, 5, '2016-01-11', '149.20'),
(79, 28, 8, '2016-01-11', '2028.00'),
(80, 28, 7, '2016-01-11', '42.00'),
(81, 29, 7, '2016-01-12', '230.00'),
(82, 30, 1, '2016-01-13', '141.44'),
(83, 30, 5, '2016-01-13', '212.16'),
(84, 30, 7, '2016-01-13', '12.00'),
(85, 31, 2, '2016-01-14', '200.00'),
(86, 31, 1, '2016-01-14', '825.00'),
(87, 31, 3, '2016-01-14', '120.00'),
(88, 32, 1, '2016-01-15', '50.00'),
(89, 32, 3, '2016-01-15', '212.00'),
(90, 32, 7, '2016-01-15', '26.00'),
(91, 32, 5, '2016-01-15', '600.00'),
(92, 33, 2, '2016-01-18', '128.00'),
(93, 33, 1, '2016-01-18', '50.00'),
(94, 33, 3, '2016-01-18', '629.80'),
(95, 34, 3, '2016-01-18', '22.60'),
(96, 34, 5, '2016-01-18', '396.00'),
(97, 35, 8, '2016-01-18', '948.00'),
(98, 36, 2, '2016-01-20', '216.00'),
(99, 36, 7, '2016-01-20', '940.00'),
(101, 37, 2, '2016-02-01', '392.00'),
(102, 37, 3, '2016-02-01', '688.80'),
(103, 37, 7, '2016-02-01', '590.00'),
(104, 37, 5, '2016-02-01', '126.30'),
(105, 38, 1, '2016-02-03', '92.48'),
(106, 38, 5, '2016-02-03', '212.16'),
(107, 38, 8, '2016-02-03', '432.00'),
(108, 38, 7, '2016-02-03', '48.00'),
(109, 39, 2, '2016-02-04', '510.00'),
(110, 39, 1, '2016-02-04', '575.00'),
(111, 40, 2, '2016-02-05', '215.00'),
(112, 40, 3, '2016-02-05', '325.00'),
(113, 40, 7, '2016-02-05', '117.00'),
(114, 40, 5, '2016-02-05', '350.00'),
(115, 41, 2, '2016-02-10', '136.00'),
(116, 41, 3, '2016-02-10', '301.00'),
(117, 41, 5, '2016-02-10', '77.00'),
(118, 42, 1, '2016-02-10', '103.36'),
(119, 42, 5, '2016-02-10', '212.16'),
(120, 42, 8, '2016-02-10', '1032.00'),
(121, 42, 7, '2016-02-10', '48.00'),
(122, 43, 2, '2016-02-11', '505.00'),
(123, 43, 1, '2016-02-11', '650.00'),
(124, 43, 3, '2016-02-11', '14.00'),
(125, 44, 3, '2016-02-12', '175.00'),
(126, 44, 7, '2016-02-12', '325.00'),
(127, 44, 5, '2016-02-12', '350.00'),
(128, 45, 2, '2016-02-15', '600.00'),
(129, 45, 1, '2016-02-15', '100.00'),
(130, 45, 3, '2016-02-15', '370.40'),
(131, 45, 7, '2016-02-15', '610.00'),
(132, 45, 5, '2016-02-15', '130.20'),
(133, 46, 1, '2016-02-17', '130.56'),
(134, 46, 5, '2016-02-17', '212.16'),
(135, 46, 8, '2016-02-17', '24.00'),
(136, 46, 7, '2016-02-17', '18.00'),
(137, 47, 2, '2016-02-18', '50.00'),
(138, 47, 1, '2016-02-18', '1000.00'),
(139, 47, 3, '2016-02-18', '80.00'),
(140, 48, 2, '2016-02-19', '490.00'),
(141, 48, 1, '2016-02-19', '50.00'),
(142, 48, 3, '2016-02-19', '289.00'),
(143, 48, 7, '2016-02-19', '52.00'),
(144, 48, 5, '2016-02-19', '425.00'),
(145, 49, 2, '2016-02-22', '200.00'),
(146, 49, 1, '2016-02-22', '150.00'),
(147, 49, 3, '2016-02-22', '150.00'),
(148, 50, 2, '2016-02-22', '152.00'),
(149, 50, 3, '2016-02-22', '140.50'),
(150, 50, 7, '2016-02-22', '220.00'),
(151, 50, 5, '2016-02-22', '192.00'),
(152, 51, 1, '2016-02-24', '114.24'),
(153, 51, 5, '2016-02-24', '217.60'),
(154, 51, 8, '2016-02-24', '48.00'),
(155, 52, 1, '2016-02-25', '1150.00'),
(156, 52, 3, '2016-02-25', '65.00'),
(157, 53, 2, '2016-02-26', '310.00'),
(158, 53, 1, '2016-02-26', '75.00'),
(159, 53, 3, '2016-02-26', '175.00'),
(161, 54, 2, '2016-02-29', '264.00'),
(162, 54, 1, '2016-02-29', '150.00'),
(163, 54, 3, '2016-02-29', '283.70'),
(164, 55, 3, '2016-02-29', '30.00'),
(165, 55, 7, '2016-02-29', '1110.00'),
(166, 56, 1, '2016-01-20', '81.60'),
(167, 56, 5, '2016-01-20', '212.16'),
(168, 57, 2, '2016-01-21', '325.00'),
(169, 57, 1, '2016-01-21', '850.00'),
(170, 57, 3, '2016-01-21', '80.00'),
(171, 58, 1, '2016-01-22', '50.00'),
(172, 58, 3, '2016-01-22', '225.00'),
(173, 58, 7, '2016-01-22', '130.00'),
(174, 58, 5, '2016-01-22', '400.00'),
(175, 59, 2, '2016-01-25', '144.00'),
(176, 59, 3, '2016-01-25', '623.60'),
(177, 59, 7, '2016-01-25', '70.00'),
(178, 59, 5, '2016-01-25', '126.30'),
(180, 61, 1, '2016-01-27', '108.80'),
(181, 61, 5, '2016-01-27', '212.16'),
(182, 62, 2, '2016-01-27', '440.00'),
(183, 62, 7, '2016-01-27', '500.00'),
(184, 63, 2, '2016-01-28', '480.00'),
(185, 63, 1, '2016-01-28', '900.00'),
(186, 64, 1, '2016-01-29', '75.00'),
(187, 64, 3, '2016-01-29', '275.00'),
(188, 64, 7, '2016-01-29', '13.00'),
(189, 64, 5, '2016-01-29', '425.00'),
(190, 65, 3, '2016-04-01', '225.00'),
(191, 65, 7, '2016-04-01', '500.00'),
(192, 65, 5, '2016-04-01', '400.00'),
(193, 66, 2, '2016-04-04', '232.00'),
(194, 66, 1, '2016-04-04', '50.00'),
(195, 66, 3, '2016-04-04', '177.30'),
(196, 66, 7, '2016-04-04', '420.00'),
(197, 67, 8, '2016-04-04', '1008.00'),
(198, 68, 1, '2016-04-06', '119.68'),
(199, 68, 5, '2016-04-06', '228.48'),
(200, 68, 7, '2016-04-06', '24.00'),
(201, 69, 2, '2016-04-07', '10.00'),
(202, 69, 1, '2016-04-07', '1200.00'),
(203, 69, 3, '2016-04-07', '14.00'),
(204, 69, 7, '2016-04-07', '205.00'),
(205, 69, 5, '2016-04-07', '4.60'),
(206, 70, 1, '2016-04-08', '50.00'),
(207, 70, 3, '2016-04-08', '250.00'),
(208, 70, 5, '2016-04-08', '825.00'),
(209, 71, 2, '2016-04-11', '712.00'),
(210, 71, 1, '2016-04-11', '100.00'),
(211, 71, 3, '2016-04-11', '100.00'),
(212, 72, 8, '2016-04-11', '972.00'),
(213, 73, 1, '2016-04-13', '146.88'),
(214, 73, 5, '2016-04-13', '228.48'),
(215, 73, 8, '2016-04-13', '180.00'),
(216, 74, 2, '2016-04-14', '190.00'),
(217, 74, 1, '2016-04-14', '1140.00'),
(218, 74, 3, '2016-04-14', '39.00'),
(219, 75, 3, '2016-04-15', '200.00'),
(220, 75, 7, '2016-04-15', '26.00'),
(222, 76, 2, '2016-04-15', '120.00'),
(223, 76, 1, '2016-04-15', '25.00'),
(224, 76, 3, '2016-04-15', '179.30'),
(225, 77, 8, '2016-04-18', '1848.00'),
(226, 78, 1, '2016-04-20', '130.56'),
(227, 78, 5, '2016-04-20', '233.92'),
(228, 78, 8, '2016-04-20', '216.00'),
(229, 78, 7, '2016-04-20', '54.00'),
(230, 79, 2, '2016-04-21', '100.00'),
(231, 79, 1, '2016-04-21', '1170.00'),
(232, 79, 3, '2016-04-21', '28.00'),
(233, 80, 3, '2016-04-22', '225.00'),
(234, 80, 7, '2016-04-22', '13.00'),
(236, 82, 2, '2016-04-25', '176.00'),
(237, 82, 1, '2016-04-25', '75.00'),
(238, 82, 3, '2016-04-25', '175.00'),
(239, 82, 7, '2016-04-25', '160.00'),
(240, 83, 7, '2016-04-25', '1480.00'),
(241, 84, 1, '2016-04-27', '125.12'),
(242, 84, 5, '2016-04-27', '233.92'),
(243, 84, 8, '2016-04-27', '132.00'),
(244, 84, 7, '2016-04-27', '6.00'),
(245, 85, 2, '2016-04-28', '70.00'),
(246, 85, 1, '2016-04-28', '1125.00'),
(247, 85, 3, '2016-04-28', '14.00'),
(248, 86, 3, '2016-04-29', '175.00'),
(250, 87, 2, '2016-05-02', '440.00'),
(251, 87, 1, '2016-05-02', '50.00'),
(252, 87, 3, '2016-05-02', '197.50'),
(253, 88, 2, '2016-05-02', '384.00'),
(254, 88, 7, '2016-05-02', '1040.00'),
(255, 89, 1, '2016-05-04', '125.12'),
(256, 89, 5, '2016-05-04', '233.92'),
(257, 89, 8, '2016-05-04', '48.00'),
(258, 90, 2, '2016-05-05', '20.00'),
(259, 90, 1, '2016-05-05', '1125.00'),
(260, 90, 3, '2016-05-05', '28.00'),
(261, 91, 3, '2016-05-06', '175.00'),
(262, 91, 5, '2016-05-06', '775.00'),
(263, 92, 2, '2016-05-09', '384.00'),
(264, 92, 1, '2016-05-09', '75.00'),
(265, 92, 3, '2016-05-09', '149.90'),
(266, 92, 7, '2016-05-09', '120.00'),
(267, 92, 5, '2016-05-09', '47.50'),
(268, 93, 1, '2016-05-11', '103.36'),
(269, 93, 5, '2016-05-11', '244.80'),
(270, 93, 8, '2016-05-11', '12.00'),
(271, 93, 7, '2016-05-11', '6.00'),
(272, 94, 2, '2016-05-12', '10.00'),
(273, 94, 1, '2016-05-12', '1125.00'),
(274, 94, 3, '2016-05-12', '28.00'),
(275, 95, 3, '2016-05-13', '250.00'),
(277, 96, 2, '2016-05-16', '208.00'),
(278, 96, 1, '2016-05-16', '75.00'),
(279, 96, 3, '2016-05-16', '141.00'),
(280, 96, 7, '2016-05-16', '20.00'),
(281, 96, 5, '2016-05-16', '34.10'),
(282, 97, 8, '2016-05-16', '1536.00'),
(283, 97, 7, '2016-05-16', '30.00'),
(284, 98, 1, '2016-05-18', '97.92'),
(285, 98, 5, '2016-05-18', '239.36'),
(286, 98, 8, '2016-05-18', '240.00'),
(287, 99, 1, '2016-05-19', '1171.00'),
(288, 99, 3, '2016-05-19', '28.00'),
(289, 100, 3, '2016-05-20', '300.00'),
(291, 101, 2, '2016-05-23', '320.00'),
(292, 101, 1, '2016-05-23', '50.00'),
(293, 101, 3, '2016-05-23', '150.00'),
(294, 101, 7, '2016-05-23', '90.00'),
(295, 102, 8, '2016-05-23', '792.00'),
(296, 102, 7, '2016-05-23', '264.00'),
(297, 103, 1, '2016-05-25', '119.68'),
(299, 103, 5, '2016-05-25', '228.48'),
(300, 103, 8, '2016-05-25', '828.00'),
(301, 104, 2, '2016-05-26', '15.00'),
(302, 104, 1, '2016-05-26', '1200.00'),
(303, 104, 3, '2016-05-26', '328.00'),
(304, 104, 7, '2016-05-26', '55.00'),
(305, 104, 5, '2016-05-26', '700.00'),
(306, 105, 2, '2016-05-30', '288.00'),
(307, 105, 1, '2016-05-30', '50.00'),
(308, 105, 3, '2016-05-30', '125.00'),
(309, 105, 5, '2016-05-30', '37.50'),
(310, 106, 8, '2016-05-30', '2640.00'),
(311, 107, 1, '2016-06-01', '27.20'),
(312, 107, 5, '2016-06-01', '272.00'),
(313, 108, 2, '2016-06-02', '155.00'),
(314, 108, 1, '2016-06-02', '1125.00'),
(315, 108, 3, '2016-06-02', '253.00'),
(316, 108, 5, '2016-06-02', '687.00'),
(317, 109, 2, '2016-06-07', '424.00'),
(318, 109, 1, '2016-06-07', '75.00'),
(319, 109, 3, '2016-06-07', '98.50'),
(320, 109, 5, '2016-06-07', '38.70'),
(321, 110, 2, '2016-06-07', '240.00'),
(322, 110, 3, '2016-06-07', '110.00'),
(323, 110, 7, '2016-06-07', '900.00'),
(324, 111, 1, '2016-06-08', '136.00'),
(325, 111, 5, '2016-06-08', '228.48'),
(326, 111, 8, '2016-06-08', '312.00'),
(327, 111, 7, '2016-06-08', '6.00'),
(328, 112, 1, '2016-06-09', '1185.00'),
(329, 112, 3, '2016-06-09', '264.00'),
(330, 112, 7, '2016-06-09', '135.00'),
(331, 112, 5, '2016-06-09', '625.00'),
(332, 113, 2, '2016-06-13', '280.00'),
(333, 113, 1, '2016-06-13', '50.00'),
(334, 113, 3, '2016-06-13', '120.00'),
(335, 113, 5, '2016-06-13', '37.50'),
(337, 114, 7, '2016-06-13', '1060.00'),
(338, 115, 1, '2016-06-15', '136.00'),
(339, 115, 5, '2016-06-15', '228.48'),
(340, 115, 8, '2016-06-15', '300.00'),
(341, 115, 7, '2016-06-15', '12.00'),
(342, 116, 2, '2016-06-15', '85.00'),
(343, 116, 1, '2016-06-15', '1300.00'),
(344, 116, 3, '2016-06-15', '264.00'),
(345, 116, 7, '2016-06-15', '10.00'),
(347, 117, 2, '2016-06-21', '168.00'),
(348, 117, 1, '2016-06-21', '75.00'),
(349, 117, 3, '2016-06-21', '125.70'),
(350, 117, 7, '2016-06-21', '80.00'),
(351, 118, 1, '2016-06-22', '108.80'),
(352, 118, 5, '2016-06-22', '233.92'),
(353, 118, 8, '2016-06-22', '516.00'),
(354, 119, 1, '2016-06-23', '1324.00'),
(355, 119, 3, '2016-06-23', '275.00'),
(356, 119, 5, '2016-06-23', '560.00'),
(357, 120, 2, '2016-06-27', '208.00'),
(358, 120, 1, '2016-06-27', '50.00'),
(359, 120, 3, '2016-06-27', '279.40'),
(360, 120, 5, '2016-06-27', '36.50'),
(361, 121, 8, '2016-06-27', '2592.00'),
(362, 122, 1, '2016-06-29', '114.24'),
(363, 122, 5, '2016-06-29', '233.92'),
(364, 122, 7, '2016-06-29', '18.00'),
(365, 123, 1, '2016-06-30', '1270.00'),
(366, 123, 3, '2016-06-30', '139.00'),
(367, 123, 7, '2016-06-30', '10.00'),
(369, 124, 2, '2016-07-04', '192.00'),
(370, 124, 1, '2016-07-04', '75.00'),
(371, 124, 3, '2016-07-04', '222.40'),
(372, 124, 5, '2016-07-04', '77.90'),
(373, 125, 8, '2016-07-04', '1584.00'),
(374, 126, 1, '2016-07-05', '65.28'),
(375, 126, 5, '2016-07-05', '233.92'),
(376, 126, 7, '2016-07-05', '75.00'),
(377, 127, 2, '2016-07-06', '10.00'),
(378, 127, 1, '2016-07-06', '1475.00'),
(379, 127, 3, '2016-07-06', '214.00'),
(380, 127, 5, '2016-07-06', '635.00'),
(381, 128, 2, '2016-07-11', '152.00'),
(382, 128, 1, '2016-07-11', '75.00'),
(383, 128, 3, '2016-07-11', '281.00'),
(384, 128, 5, '2016-07-11', '40.00'),
(385, 129, 8, '2016-07-11', '2016.00'),
(386, 129, 7, '2016-07-11', '20.00'),
(387, 130, 1, '2016-07-13', '76.16'),
(388, 130, 5, '2016-07-13', '233.92'),
(389, 130, 7, '2016-07-13', '10.00'),
(390, 131, 1, '2016-07-14', '1475.00'),
(391, 131, 3, '2016-07-14', '214.00'),
(392, 131, 5, '2016-07-14', '648.00'),
(393, 132, 2, '2016-07-18', '216.00'),
(394, 132, 1, '2016-07-18', '100.00'),
(395, 132, 3, '2016-07-18', '274.60'),
(396, 132, 5, '2016-07-18', '83.00'),
(397, 133, 3, '2016-07-18', '209.90'),
(398, 133, 7, '2016-07-18', '1100.00'),
(399, 134, 1, '2016-07-20', '114.24'),
(400, 134, 5, '2016-07-20', '228.48'),
(401, 134, 8, '2016-07-20', '24.00'),
(402, 135, 2, '2016-07-21', '250.00'),
(403, 135, 1, '2016-07-21', '1300.00'),
(404, 135, 3, '2016-07-21', '239.00'),
(405, 135, 7, '2016-07-21', '220.00'),
(406, 135, 5, '2016-07-21', '575.00'),
(407, 136, 1, '2016-07-25', '100.00'),
(408, 136, 3, '2016-07-25', '657.30'),
(409, 136, 7, '2016-07-25', '220.00'),
(410, 136, 5, '2016-07-25', '60.10'),
(411, 137, 8, '2016-07-25', '1092.00'),
(412, 137, 7, '2016-07-25', '60.00'),
(413, 138, 1, '2016-07-27', '92.48'),
(414, 138, 5, '2016-07-27', '228.48'),
(415, 138, 8, '2016-07-27', '60.00'),
(416, 139, 2, '2016-07-28', '625.00'),
(417, 139, 1, '2016-07-28', '1550.00'),
(418, 139, 3, '2016-07-28', '239.00'),
(419, 139, 5, '2016-07-28', '650.00'),
(420, 140, 2, '2016-08-01', '16.00'),
(421, 140, 1, '2016-08-01', '100.00'),
(422, 140, 3, '2016-08-01', '688.00'),
(423, 140, 5, '2016-08-01', '82.00'),
(424, 141, 3, '2016-08-01', '55.00'),
(425, 141, 7, '2016-08-01', '1340.00'),
(426, 142, 1, '2016-08-03', '70.72'),
(427, 142, 5, '2016-08-03', '255.68'),
(428, 142, 8, '2016-08-03', '12.00'),
(429, 143, 2, '2016-08-04', '140.00'),
(430, 143, 1, '2016-08-04', '1525.00'),
(431, 143, 3, '2016-08-04', '214.00'),
(432, 143, 5, '2016-08-04', '732.00'),
(433, 144, 2, '2016-08-08', '160.00'),
(434, 144, 1, '2016-08-08', '100.00'),
(435, 144, 3, '2016-08-08', '370.50'),
(436, 144, 7, '2016-08-08', '220.00'),
(437, 144, 5, '2016-08-08', '79.90'),
(438, 145, 8, '2016-08-08', '1320.00'),
(439, 146, 1, '2016-08-10', '21.76'),
(440, 146, 5, '2016-08-10', '282.88'),
(441, 146, 8, '2016-08-10', '36.00'),
(442, 146, 7, '2016-08-10', '36.00'),
(443, 147, 1, '2016-08-11', '1300.00'),
(444, 148, 1, '2016-08-12', '144.00'),
(445, 148, 3, '2016-08-12', '214.00'),
(446, 148, 5, '2016-08-12', '725.00'),
(447, 149, 2, '2016-08-16', '232.00'),
(448, 149, 1, '2016-08-16', '100.00'),
(449, 149, 3, '2016-08-16', '224.00'),
(450, 149, 7, '2016-08-16', '240.00'),
(451, 149, 5, '2016-08-16', '100.00'),
(452, 150, 1, '2016-08-16', '97.92'),
(453, 150, 5, '2016-08-16', '288.32'),
(454, 150, 8, '2016-08-16', '948.00'),
(455, 150, 7, '2016-08-16', '36.00'),
(456, 151, 1, '2016-08-18', '1475.00'),
(457, 151, 3, '2016-08-18', '214.00'),
(458, 151, 5, '2016-08-18', '800.00'),
(459, 152, 2, '2016-08-22', '232.00'),
(460, 152, 1, '2016-08-22', '75.00'),
(461, 152, 3, '2016-08-22', '314.10'),
(462, 152, 7, '2016-08-22', '100.00'),
(463, 152, 5, '2016-08-22', '96.30'),
(464, 153, 8, '2016-08-22', '1356.00'),
(465, 154, 1, '2016-08-24', '81.60'),
(466, 154, 5, '2016-08-24', '304.64'),
(467, 154, 8, '2016-08-24', '60.00'),
(468, 154, 7, '2016-08-24', '42.00'),
(469, 155, 1, '2016-08-26', '1145.00'),
(470, 155, 3, '2016-08-26', '339.00'),
(471, 155, 5, '2016-08-26', '698.00'),
(472, 156, 2, '2016-08-29', '176.00'),
(473, 156, 1, '2016-08-29', '125.00'),
(474, 156, 3, '2016-08-29', '303.00'),
(475, 156, 7, '2016-08-29', '80.00'),
(476, 156, 5, '2016-08-29', '82.10'),
(477, 157, 8, '2016-08-29', '1884.00'),
(478, 158, 1, '2016-08-31', '108.80'),
(479, 158, 5, '2016-08-31', '304.64'),
(480, 158, 7, '2016-08-31', '36.00'),
(481, 159, 1, '2016-09-01', '1400.00'),
(482, 159, 3, '2016-09-01', '289.00'),
(483, 159, 5, '2016-09-01', '725.00'),
(484, 160, 2, '2016-09-05', '176.00'),
(485, 160, 1, '2016-09-05', '75.00'),
(486, 160, 3, '2016-09-05', '203.00'),
(487, 160, 5, '2016-09-05', '101.00'),
(488, 161, 1, '2016-09-06', '81.60'),
(489, 161, 5, '2016-09-06', '315.52'),
(490, 161, 8, '2016-09-06', '276.00'),
(491, 161, 7, '2016-09-06', '24.00'),
(492, 162, 1, '2016-09-08', '1300.00'),
(493, 162, 3, '2016-09-08', '239.00'),
(494, 162, 5, '2016-09-08', '675.00'),
(495, 163, 2, '2016-09-12', '144.00'),
(496, 163, 1, '2016-09-12', '100.00'),
(497, 163, 3, '2016-09-12', '312.80'),
(498, 163, 7, '2016-09-12', '40.00'),
(499, 163, 5, '2016-09-12', '43.40'),
(500, 164, 3, '2016-09-12', '32.90'),
(501, 164, 7, '2016-09-12', '1100.00'),
(502, 165, 5, '2016-09-14', '272.00'),
(503, 165, 8, '2016-09-14', '48.00'),
(504, 166, 3, '2016-09-15', '214.00'),
(505, 166, 5, '2016-09-15', '702.00'),
(506, 167, 2, '2016-09-19', '376.00'),
(507, 167, 1, '2016-09-19', '75.00'),
(508, 167, 3, '2016-09-19', '258.30'),
(509, 167, 7, '2016-09-19', '40.00'),
(510, 167, 5, '2016-09-19', '78.50'),
(511, 168, 8, '2016-09-21', '276.00'),
(512, 168, 7, '2016-09-21', '90.00'),
(513, 169, 1, '2016-09-22', '1391.00'),
(514, 169, 3, '2016-09-22', '214.00'),
(515, 169, 5, '2016-09-22', '779.00'),
(516, 170, 2, '2016-09-26', '232.00'),
(517, 170, 1, '2016-09-26', '100.00'),
(519, 171, 1, '2016-09-28', '76.16'),
(520, 171, 5, '2016-09-28', '228.48'),
(521, 171, 8, '2016-09-28', '60.00'),
(522, 171, 7, '2016-09-28', '12.00'),
(523, 172, 1, '2016-09-29', '1350.00'),
(524, 172, 3, '2016-09-29', '289.00'),
(525, 172, 5, '2016-09-29', '669.00'),
(526, 173, 2, '2016-10-03', '120.00'),
(527, 173, 1, '2016-10-03', '150.00'),
(528, 173, 3, '2016-10-03', '254.00'),
(529, 173, 7, '2016-10-03', '160.00'),
(530, 173, 5, '2016-10-03', '43.10'),
(531, 174, 8, '2016-10-03', '624.00'),
(532, 174, 7, '2016-10-03', '624.00'),
(533, 175, 1, '2016-10-05', '315.52'),
(534, 175, 5, '2016-10-05', '353.60'),
(535, 175, 7, '2016-10-05', '72.00'),
(536, 176, 2, '2016-10-06', '470.00'),
(537, 176, 1, '2016-10-06', '1350.00'),
(538, 176, 3, '2016-10-06', '239.00'),
(539, 176, 5, '2016-10-06', '725.00'),
(540, 177, 2, '2016-10-11', '64.00'),
(541, 177, 1, '2016-10-11', '75.00'),
(542, 177, 3, '2016-10-11', '250.00'),
(543, 177, 7, '2016-10-11', '140.00'),
(544, 177, 5, '2016-10-11', '62.10'),
(545, 178, 1, '2016-10-12', '315.52'),
(546, 178, 5, '2016-10-12', '391.68'),
(547, 178, 8, '2016-10-12', '60.00'),
(548, 178, 7, '2016-10-12', '12.00'),
(549, 179, 2, '2016-10-13', '730.00'),
(550, 179, 1, '2016-10-13', '1246.50'),
(551, 179, 3, '2016-10-13', '264.00'),
(552, 179, 5, '2016-10-13', '687.30'),
(553, 180, 2, '2016-10-17', '72.00'),
(554, 180, 1, '2016-10-17', '100.00'),
(555, 180, 3, '2016-10-17', '328.00'),
(556, 180, 7, '2016-10-17', '110.00'),
(557, 180, 5, '2016-10-17', '58.00'),
(558, 181, 8, '2016-10-17', '1356.00'),
(559, 182, 1, '2016-10-19', '212.16'),
(560, 182, 5, '2016-10-19', '288.32'),
(561, 182, 8, '2016-10-19', '48.00'),
(562, 182, 7, '2016-10-19', '24.00'),
(563, 183, 2, '2016-10-20', '70.00'),
(564, 183, 1, '2016-10-20', '1475.00'),
(565, 183, 3, '2016-10-20', '214.00'),
(566, 183, 5, '2016-10-20', '679.50'),
(568, 184, 2, '2016-10-24', '112.00'),
(569, 184, 1, '2016-10-24', '100.00'),
(570, 184, 3, '2016-10-24', '310.00'),
(571, 184, 7, '2016-10-24', '220.00'),
(572, 185, 1, '2016-10-25', '1376.32'),
(573, 185, 5, '2016-10-25', '163.20'),
(574, 185, 8, '2016-10-25', '132.00'),
(575, 185, 7, '2016-10-25', '24.00'),
(576, 186, 2, '2016-10-27', '60.00'),
(577, 186, 1, '2016-10-27', '1525.00'),
(578, 186, 3, '2016-10-27', '339.00'),
(579, 186, 5, '2016-10-27', '654.00'),
(580, 187, 1, '2016-10-31', '1000.96'),
(581, 187, 7, '2016-10-31', '24.00'),
(582, 33, 5, '2016-01-18', '106.70'),
(583, 60, 8, '2016-01-25', '1200.00'),
(584, 53, 5, '2016-02-26', '400.00'),
(585, 75, 5, '2016-04-15', '825.00'),
(586, 80, 5, '2016-04-22', '795.00'),
(587, 19, 7, '2016-03-30', '36.00'),
(588, 86, 5, '2016-04-29', '869.70'),
(589, 95, 5, '2016-05-13', '717.00'),
(590, 100, 5, '2016-05-20', '696.00'),
(591, 116, 5, '2016-06-15', '650.00'),
(592, 114, 3, '2016-06-13', '96.00'),
(593, 123, 5, '2016-06-30', '650.00'),
(594, 188, 2, '2016-11-01', '120.00'),
(595, 188, 1, '2016-11-01', '100.00'),
(596, 188, 3, '2016-11-01', '275.00'),
(597, 188, 7, '2016-11-01', '170.00'),
(598, 189, 1, '2016-11-02', '223.04'),
(599, 189, 5, '2016-11-02', '391.68'),
(600, 189, 8, '2016-11-02', '36.00'),
(601, 189, 7, '2016-11-02', '12.00'),
(602, 190, 4, '2016-11-03', '120.00'),
(603, 190, 1, '2016-11-03', '1350.00'),
(604, 190, 3, '2016-11-03', '264.00'),
(605, 190, 5, '2016-11-03', '743.00'),
(606, 191, 2, '2016-11-07', '200.00'),
(607, 191, 1, '2016-11-07', '75.00'),
(608, 191, 3, '2016-11-07', '295.00'),
(609, 191, 7, '2016-11-07', '20.00'),
(610, 192, 8, '2016-11-07', '1776.00'),
(611, 192, 7, '2016-11-07', '96.00'),
(612, 193, 1, '2016-11-09', '304.64'),
(613, 193, 5, '2016-11-09', '391.68'),
(614, 193, 8, '2016-11-09', '540.00'),
(615, 194, 2, '2016-11-10', '20.00'),
(616, 194, 1, '2016-11-10', '1450.00'),
(617, 194, 3, '2016-11-10', '439.00'),
(618, 194, 5, '2016-11-10', '568.00'),
(619, 195, 2, '2016-11-14', '176.00'),
(620, 195, 1, '2016-11-14', '100.00'),
(621, 195, 3, '2016-11-14', '260.00'),
(622, 195, 7, '2016-11-14', '30.00'),
(623, 195, 5, '2016-11-14', '68.00'),
(624, 196, 8, '2016-11-14', '2280.00'),
(625, 197, 2, '2016-11-17', '480.00'),
(626, 197, 1, '2016-11-17', '1456.00'),
(627, 197, 3, '2016-11-17', '169.00'),
(628, 197, 5, '2016-11-17', '863.00'),
(629, 198, 2, '2016-11-21', '24.00'),
(630, 198, 1, '2016-11-21', '325.00'),
(631, 198, 3, '2016-11-21', '325.00'),
(632, 198, 7, '2016-11-21', '150.00'),
(633, 198, 5, '2016-11-21', '77.00'),
(634, 199, 8, '2016-11-21', '1476.00'),
(635, 199, 7, '2016-11-21', '18.00'),
(636, 200, 1, '2016-11-23', '255.68'),
(637, 200, 5, '2016-11-21', '391.68'),
(638, 200, 7, '2016-11-23', '24.00'),
(639, 201, 1, '2016-11-24', '1150.00'),
(640, 201, 3, '2016-11-24', '282.00'),
(641, 201, 5, '2016-11-24', '650.00'),
(642, 202, 3, '2016-11-29', '350.00'),
(643, 202, 1, '2016-11-29', '315.00'),
(644, 202, 7, '2016-11-29', '40.00'),
(645, 202, 5, '2016-11-29', '89.40'),
(646, 203, 3, '2016-11-29', '43.80'),
(647, 203, 7, '2016-11-29', '650.00'),
(651, 205, 5, '2016-11-30', '391.68'),
(652, 205, 8, '2016-11-30', '48.00'),
(653, 206, 8, '2016-12-12', '1944.00'),
(654, 207, 7, '2016-12-12', '500.00'),
(655, 208, 1, '2016-12-12', '225.00'),
(656, 208, 3, '2016-12-12', '384.20'),
(657, 208, 5, '2016-12-12', '104.60'),
(658, 209, 5, '2016-12-08', '750.00'),
(659, 209, 3, '2016-12-08', '232.00'),
(660, 209, 1, '2016-12-08', '1025.00'),
(661, 209, 2, '2016-12-08', '50.00'),
(662, 210, 1, '2016-12-05', '337.28'),
(663, 210, 5, '2016-12-05', '391.68'),
(664, 210, 8, '2016-12-05', '744.00'),
(665, 210, 7, '2016-12-05', '78.00'),
(666, 211, 2, '2016-12-05', '328.00'),
(667, 211, 6, '2016-12-05', '480.00'),
(668, 212, 1, '2016-12-05', '450.00'),
(669, 212, 3, '2016-12-05', '323.00'),
(670, 212, 5, '2016-12-05', '89.00'),
(671, 213, 2, '2016-12-01', '250.00'),
(672, 213, 1, '2016-12-01', '1000.00'),
(673, 213, 3, '2016-12-01', '182.00'),
(674, 213, 7, '2016-12-01', '26.00'),
(675, 213, 5, '2016-12-01', '750.00'),
(676, 214, 1, '2016-12-14', '304.64'),
(677, 214, 5, '2016-12-14', '359.04'),
(678, 215, 3, '2016-12-14', '300.00'),
(679, 215, 7, '2016-12-14', '13.00'),
(680, 215, 5, '2016-12-14', '950.00'),
(681, 216, 2, '2016-12-15', '40.00'),
(682, 216, 1, '2016-12-15', '1925.00'),
(683, 216, 3, '2016-12-15', '21.00'),
(684, 217, 1, '2016-12-19', '425.00'),
(685, 217, 3, '2016-12-19', '420.70'),
(686, 217, 5, '2016-12-19', '74.60'),
(687, 218, 1, '2016-12-19', '250.24'),
(688, 218, 5, '2016-12-19', '353.60'),
(689, 219, 2, '2016-12-21', '712.00'),
(690, 219, 3, '2016-12-21', '40.00'),
(691, 219, 6, '2016-12-21', '440.00'),
(692, 220, 1, '2016-12-26', '500.00'),
(693, 220, 3, '2016-12-26', '420.60'),
(694, 220, 5, '2016-12-26', '74.80'),
(695, 221, 1, '2016-12-26', '266.56'),
(696, 221, 5, '2016-12-26', '353.60'),
(697, 165, 1, '2016-09-16', '59.84'),
(698, 170, 3, '2016-09-26', '230.30'),
(699, 222, 2, '2017-01-02', '40.00'),
(700, 222, 1, '2017-01-02', '250.00'),
(701, 222, 3, '2017-01-02', '390.00'),
(702, 222, 7, '2017-01-02', '60.00'),
(703, 222, 5, '2017-01-02', '78.00'),
(704, 223, 8, '2017-01-02', '1812.00'),
(705, 224, 1, '2017-01-04', '184.96'),
(706, 224, 5, '2017-01-04', '353.60'),
(707, 225, 2, '2017-01-06', '750.00'),
(708, 225, 1, '2017-01-06', '800.00'),
(709, 225, 3, '2017-01-06', '50.00'),
(710, 225, 5, '2017-01-06', '406.00'),
(711, 226, 1, '2017-01-09', '450.00'),
(712, 226, 3, '2017-01-09', '423.50'),
(713, 226, 5, '2017-01-09', '136.00'),
(714, 227, 2, '2017-01-09', '536.00'),
(715, 227, 3, '2017-01-09', '32.30'),
(716, 227, 7, '2017-01-09', '1030.00'),
(717, 228, 1, '2017-01-11', '239.36'),
(718, 228, 5, '2017-01-11', '331.84'),
(719, 229, 2, '2017-01-12', '280.00'),
(720, 229, 1, '2017-01-12', '1075.00'),
(721, 229, 3, '2017-01-12', '150.00'),
(722, 229, 7, '2017-01-12', '156.00'),
(723, 229, 5, '2017-01-12', '435.90'),
(724, 231, 2, '2017-01-16', '104.00'),
(725, 231, 1, '2017-01-16', '475.00'),
(726, 231, 3, '2017-01-16', '417.40'),
(727, 231, 7, '2017-01-16', '20.00'),
(728, 231, 5, '2017-01-16', '108.70'),
(729, 232, 8, '2017-01-16', '2184.00'),
(730, 232, 7, '2017-01-16', '6.00'),
(731, 233, 1, '2017-01-18', '223.04'),
(732, 233, 5, '2017-01-18', '359.04'),
(733, 233, 7, '2017-01-18', '102.00'),
(734, 234, 1, '2017-01-19', '1222.00'),
(735, 234, 3, '2017-01-19', '400.00'),
(736, 234, 7, '2017-01-19', '78.00'),
(737, 234, 5, '2017-01-19', '400.00'),
(738, 235, 1, '2017-01-23', '175.00'),
(739, 235, 3, '2017-01-23', '550.00'),
(740, 235, 5, '2017-01-23', '104.00'),
(741, 236, 8, '2017-01-23', '1476.00'),
(742, 236, 7, '2017-01-23', '24.00'),
(743, 237, 2, '2017-01-23', '344.00'),
(744, 237, 1, '2017-01-23', '325.00'),
(745, 237, 6, '2017-01-23', '300.00'),
(746, 238, 1, '2017-01-25', '217.60'),
(747, 238, 5, '2017-01-25', '364.48'),
(748, 238, 7, '2017-01-25', '36.00'),
(749, 239, 2, '2017-01-26', '110.00'),
(750, 239, 1, '2017-01-26', '1250.00'),
(751, 239, 3, '2017-01-26', '164.00'),
(752, 239, 5, '2017-01-26', '589.00'),
(753, 240, 1, '2017-01-30', '225.00'),
(754, 240, 3, '2017-01-30', '418.20'),
(755, 240, 7, '2017-01-30', '430.00'),
(756, 240, 5, '2017-01-30', '111.00'),
(757, 241, 8, '2017-01-30', '1992.00'),
(758, 241, 7, '2017-01-30', '24.00'),
(759, 242, 1, '2017-02-01', '212.16'),
(760, 242, 5, '2017-02-01', '369.92'),
(761, 243, 2, '2017-02-02', '840.00'),
(762, 243, 1, '2017-02-01', '1425.00'),
(763, 243, 3, '2017-02-02', '239.00'),
(764, 243, 5, '2017-02-02', '600.00'),
(765, 244, 1, '2017-02-06', '325.00'),
(766, 244, 5, '2017-02-06', '107.00'),
(767, 244, 3, '2017-02-06', '462.00'),
(768, 245, 2, '2017-02-06', '550.00'),
(769, 245, 1, '2017-02-06', '25.00'),
(770, 245, 3, '2017-02-06', '105.00'),
(771, 245, 7, '2017-02-06', '1700.00'),
(772, 245, 5, '2017-02-06', '125.00'),
(773, 246, 1, '2017-02-08', '228.48'),
(774, 246, 5, '2017-02-08', '478.72'),
(775, 247, 2, '2017-02-09', '340.00'),
(776, 247, 1, '2017-02-09', '1525.00'),
(777, 247, 3, '2017-02-09', '239.00'),
(778, 247, 5, '2017-02-09', '625.00'),
(779, 248, 2, '2017-02-13', '72.00'),
(780, 248, 1, '2017-02-13', '350.00'),
(781, 248, 3, '2017-02-13', '487.05'),
(782, 248, 5, '2017-02-13', '107.00'),
(783, 249, 8, '2017-02-13', '1524.00'),
(784, 250, 1, '2017-02-15', '272.00'),
(785, 250, 5, '2017-02-15', '228.48'),
(786, 251, 2, '2017-02-16', '620.00'),
(787, 251, 1, '2017-02-16', '1225.00'),
(788, 251, 3, '2017-02-16', '264.00'),
(789, 251, 5, '2017-02-16', '724.00'),
(790, 252, 2, '2017-02-20', '296.00'),
(791, 252, 1, '2017-02-20', '225.00'),
(792, 252, 3, '2017-02-20', '495.10'),
(793, 252, 5, '2017-02-20', '99.00'),
(794, 253, 7, '2017-02-20', '1120.00'),
(795, 253, 5, '2017-02-20', '200.00'),
(796, 254, 8, '2017-02-20', '1332.00'),
(797, 254, 7, '2017-02-20', '12.00'),
(798, 255, 1, '2017-02-22', '146.88'),
(799, 255, 5, '2017-02-22', '212.16'),
(800, 255, 7, '2017-02-22', '6.00'),
(801, 256, 1, '2017-02-24', '1125.00'),
(802, 256, 2, '2017-02-24', '370.00'),
(803, 256, 3, '2017-02-24', '214.00'),
(804, 256, 5, '2017-02-24', '680.50'),
(805, 257, 2, '2017-03-01', '168.00'),
(806, 257, 1, '2017-03-01', '275.00'),
(807, 257, 3, '2017-03-01', '234.90'),
(808, 257, 7, '2017-03-01', '20.00'),
(809, 257, 5, '2017-03-01', '42.80'),
(812, 259, 2, '2017-03-02', '350.00'),
(813, 259, 1, '2017-03-02', '1525.00'),
(814, 259, 3, '2017-03-02', '239.00'),
(815, 259, 5, '2017-03-02', '565.70'),
(816, 260, 2, '2017-03-07', '464.00'),
(817, 260, 1, '2017-03-07', '275.00'),
(818, 260, 5, '2017-03-07', '87.00'),
(819, 260, 3, '2017-03-07', '224.23'),
(820, 261, 2, '2017-03-09', '1040.00'),
(821, 261, 1, '2017-03-09', '1775.00'),
(822, 261, 3, '2017-03-09', '264.00'),
(823, 261, 7, '2017-03-09', '273.00'),
(824, 261, 5, '2017-03-09', '500.00'),
(825, 262, 1, '2017-03-13', '225.00'),
(826, 262, 3, '2017-03-13', '275.60'),
(827, 262, 5, '2017-03-13', '138.20'),
(829, 263, 7, '2017-03-13', '1600.00'),
(830, 264, 1, '2017-03-01', '179.52'),
(831, 264, 5, '2017-03-01', '223.04'),
(832, 264, 7, '2017-03-01', '36.00'),
(833, 265, 1, '2017-03-08', '174.08'),
(834, 265, 5, '2017-03-08', '266.56'),
(835, 265, 7, '2017-03-08', '54.00'),
(836, 262, 2, '2017-03-13', '80.00'),
(837, 262, 5, '2017-03-13', '38.20'),
(838, 263, 2, '2017-03-13', '616.00'),
(839, 263, 5, '2017-03-13', '100.00'),
(840, 266, 1, '2017-03-15', '174.08'),
(841, 266, 5, '2017-03-15', '244.80'),
(842, 266, 7, '2017-03-15', '36.00'),
(843, 267, 2, '2017-03-16', '90.00'),
(844, 267, 1, '2017-03-16', '1625.00'),
(845, 267, 3, '2017-03-16', '239.00'),
(846, 267, 7, '2017-03-16', '20.00'),
(847, 267, 5, '2017-03-16', '675.00'),
(848, 268, 2, '2017-03-20', '216.00'),
(849, 268, 1, '2017-03-20', '225.00'),
(850, 268, 3, '2017-03-20', '380.15'),
(851, 268, 7, '2017-03-20', '380.00'),
(852, 268, 5, '2017-03-20', '197.66'),
(853, 269, 7, '2017-03-21', '360.00'),
(854, 270, 1, '2017-03-21', '179.52'),
(855, 270, 5, '2017-03-21', '272.00'),
(856, 270, 7, '2017-03-21', '54.00'),
(857, 271, 2, '2017-03-23', '10.00'),
(858, 271, 1, '2017-03-23', '1825.00'),
(859, 271, 3, '2017-03-23', '314.00'),
(860, 271, 7, '2017-03-23', '20.00'),
(861, 271, 5, '2017-03-23', '675.00'),
(862, 272, 2, '2017-03-28', '264.00'),
(863, 272, 1, '2017-03-28', '275.00'),
(864, 272, 3, '2017-03-28', '353.00'),
(865, 272, 7, '2017-03-28', '300.00'),
(866, 272, 5, '2017-03-28', '71.00'),
(867, 273, 2, '2017-03-30', '150.00'),
(868, 273, 1, '2017-03-30', '1925.00'),
(869, 273, 3, '2017-03-30', '314.00'),
(870, 273, 7, '2017-03-30', '208.00'),
(871, 273, 5, '2017-03-30', '700.00'),
(873, 274, 5, '2017-03-29', '293.76'),
(874, 274, 7, '2017-03-29', '24.00'),
(875, 274, 1, '2017-03-29', '152.32');

-- --------------------------------------------------------

--
-- Estructura de tabla para la tabla `proveedores`
--

CREATE TABLE `proveedores` (
  `idProveedor` int(11) NOT NULL,
  `nombre` varchar(50) CHARACTER SET latin1 NOT NULL,
  `direccion` varchar(50) CHARACTER SET latin1 DEFAULT NULL,
  `telefono` varchar(30) CHARACTER SET latin1 DEFAULT NULL,
  `correo` varchar(50) COLLATE utf8_spanish2_ci NOT NULL
) ENGINE=InnoDB DEFAULT CHARSET=utf8 COLLATE=utf8_spanish2_ci;

--
-- Volcado de datos para la tabla `proveedores`
--

INSERT INTO `proveedores` (`idProveedor`, `nombre`, `direccion`, `telefono`, `correo`) VALUES
(1, 'Manila', 'Centro Cultivo Ruta 237 km 1571,9', '2944605915', 'info@manilapatagonia.com'),
(3, 'Truchas Bariloche', 'Centro Cultivo Ruta 237 km 1570', '0111564259497', 'truchasbariloche@gmail.com'),
(4, 'Truchas Sayhueque', 'Centro Cultivo Ruta 237 km 1567,6', '154501411', 'sayhuequetruchas@yahoo.com.ar');

-- --------------------------------------------------------

--
-- Estructura de tabla para la tabla `tiposprocesos`
--

CREATE TABLE `tiposprocesos` (
  `idTipoProceso` int(11) NOT NULL,
  `descripcion` varchar(50) CHARACTER SET latin1 NOT NULL
) ENGINE=InnoDB DEFAULT CHARSET=utf8 COLLATE=utf8_spanish2_ci;

--
-- Volcado de datos para la tabla `tiposprocesos`
--

INSERT INTO `tiposprocesos` (`idTipoProceso`, `descripcion`) VALUES
(1, 'Desespinada Fresca'),
(2, 'Desespinada Congelada'),
(3, 'Eviscerada Fresca'),
(4, 'Eviscerada Congelada'),
(5, 'Fileteada Fresca'),
(6, 'Fileteada Congelada'),
(7, 'Fileteada Congelada IQF'),
(8, 'Fileteada Congelada Block'),
(9, 'Sin Procesar');

-- --------------------------------------------------------

--
-- Estructura de tabla para la tabla `usuarios`
--

CREATE TABLE `usuarios` (
  `ID` int(9) UNSIGNED NOT NULL,
  `username` varchar(180) DEFAULT NULL,
  `password` varchar(180) DEFAULT NULL,
  `email` varchar(180) DEFAULT NULL,
  `id_extreme` varchar(180) DEFAULT NULL,
  `permisos` int(11) NOT NULL
) ENGINE=MyISAM DEFAULT CHARSET=utf8;

--
-- Volcado de datos para la tabla `usuarios`
--

INSERT INTO `usuarios` (`ID`, `username`, `password`, `email`, `id_extreme`, `permisos`) VALUES
(1, 'mbenditti', '090c36e3bb39377468363197afb3e91b', 'matias@gmail.com.ar', NULL, 1),
(4, 'aslica', 'fdf169558242ee051cca1479770ebac3', 'agustina@manilapatagonia.com', NULL, 1),
(5, 'mslica', '0804048efcb1f0b3c2f18a4412b1016c', 'mariano@manilapatagonia.com', NULL, 0);

--
-- Índices para tablas volcadas
--

--
-- Indices de la tabla `clientes`
--
ALTER TABLE `clientes`
  ADD PRIMARY KEY (`idCliente`);

--
-- Indices de la tabla `depositos`
--
ALTER TABLE `depositos`
  ADD PRIMARY KEY (`iDeposito`),
  ADD KEY `procesoenespera` (`idProcesoEnEspera`);

--
-- Indices de la tabla `entregas`
--
ALTER TABLE `entregas`
  ADD PRIMARY KEY (`idEntrega`),
  ADD KEY `cliente` (`cliente`),
  ADD KEY `idProcesoEnEspera` (`idProcesoEnEspera`);

--
-- Indices de la tabla `ingresos`
--
ALTER TABLE `ingresos`
  ADD PRIMARY KEY (`idIngreso`),
  ADD KEY `idLote` (`idLote`);

--
-- Indices de la tabla `lotes`
--
ALTER TABLE `lotes`
  ADD PRIMARY KEY (`id_lote`),
  ADD KEY `proveedor` (`proveedor`);

--
-- Indices de la tabla `procesoenespera`
--
ALTER TABLE `procesoenespera`
  ADD PRIMARY KEY (`idProcesoEnEspera`),
  ADD KEY `idProceso` (`idProceso`);

--
-- Indices de la tabla `procesos`
--
ALTER TABLE `procesos`
  ADD PRIMARY KEY (`idProceso`),
  ADD KEY `idLote` (`idIngreso`),
  ADD KEY `tipoProceso` (`tipoProceso`);

--
-- Indices de la tabla `proveedores`
--
ALTER TABLE `proveedores`
  ADD PRIMARY KEY (`idProveedor`);

--
-- Indices de la tabla `tiposprocesos`
--
ALTER TABLE `tiposprocesos`
  ADD PRIMARY KEY (`idTipoProceso`);

--
-- Indices de la tabla `usuarios`
--
ALTER TABLE `usuarios`
  ADD PRIMARY KEY (`ID`);

--
-- AUTO_INCREMENT de las tablas volcadas
--

--
-- AUTO_INCREMENT de la tabla `clientes`
--
ALTER TABLE `clientes`
  MODIFY `idCliente` int(11) NOT NULL AUTO_INCREMENT, AUTO_INCREMENT=8;
--
-- AUTO_INCREMENT de la tabla `depositos`
--
ALTER TABLE `depositos`
  MODIFY `iDeposito` int(11) NOT NULL AUTO_INCREMENT;
--
-- AUTO_INCREMENT de la tabla `entregas`
--
ALTER TABLE `entregas`
  MODIFY `idEntrega` int(11) NOT NULL AUTO_INCREMENT, AUTO_INCREMENT=764;
--
-- AUTO_INCREMENT de la tabla `ingresos`
--
ALTER TABLE `ingresos`
  MODIFY `idIngreso` int(11) NOT NULL AUTO_INCREMENT, AUTO_INCREMENT=277;
--
-- AUTO_INCREMENT de la tabla `procesoenespera`
--
ALTER TABLE `procesoenespera`
  MODIFY `idProcesoEnEspera` int(11) NOT NULL AUTO_INCREMENT, AUTO_INCREMENT=876;
--
-- AUTO_INCREMENT de la tabla `procesos`
--
ALTER TABLE `procesos`
  MODIFY `idProceso` int(11) NOT NULL AUTO_INCREMENT, AUTO_INCREMENT=876;
--
-- AUTO_INCREMENT de la tabla `proveedores`
--
ALTER TABLE `proveedores`
  MODIFY `idProveedor` int(11) NOT NULL AUTO_INCREMENT, AUTO_INCREMENT=5;
--
-- AUTO_INCREMENT de la tabla `tiposprocesos`
--
ALTER TABLE `tiposprocesos`
  MODIFY `idTipoProceso` int(11) NOT NULL AUTO_INCREMENT, AUTO_INCREMENT=10;
--
-- AUTO_INCREMENT de la tabla `usuarios`
--
ALTER TABLE `usuarios`
  MODIFY `ID` int(9) UNSIGNED NOT NULL AUTO_INCREMENT, AUTO_INCREMENT=7;
--
-- Restricciones para tablas volcadas
--

--
-- Filtros para la tabla `entregas`
--
ALTER TABLE `entregas`
  ADD CONSTRAINT `entregas_ibfk_4` FOREIGN KEY (`cliente`) REFERENCES `clientes` (`idCliente`);

--
-- Filtros para la tabla `ingresos`
--
ALTER TABLE `ingresos`
  ADD CONSTRAINT `ingresos_ibfk_1` FOREIGN KEY (`idLote`) REFERENCES `lotes` (`id_lote`);

--
-- Filtros para la tabla `lotes`
--
ALTER TABLE `lotes`
  ADD CONSTRAINT `lotes_ibfk_1` FOREIGN KEY (`proveedor`) REFERENCES `proveedores` (`idProveedor`) ON UPDATE CASCADE;

--
-- Filtros para la tabla `procesoenespera`
--
ALTER TABLE `procesoenespera`
  ADD CONSTRAINT `procesoenespera_ibfk_1` FOREIGN KEY (`idProceso`) REFERENCES `procesos` (`idProceso`) ON DELETE CASCADE ON UPDATE CASCADE;

--
-- Filtros para la tabla `procesos`
--
ALTER TABLE `procesos`
  ADD CONSTRAINT `procesos_ibfk_2` FOREIGN KEY (`tipoProceso`) REFERENCES `tiposprocesos` (`idTipoProceso`),
  ADD CONSTRAINT `procesos_ibfk_3` FOREIGN KEY (`idIngreso`) REFERENCES `ingresos` (`idIngreso`);

/*!40101 SET CHARACTER_SET_CLIENT=@OLD_CHARACTER_SET_CLIENT */;
/*!40101 SET CHARACTER_SET_RESULTS=@OLD_CHARACTER_SET_RESULTS */;
/*!40101 SET COLLATION_CONNECTION=@OLD_COLLATION_CONNECTION */;
